product title,product price,MOQ,Seller ID age,contact supplier,Product Img Link
ELSKY hot sale motherboardj1900 i3 i5 i7 mini itx fanless motherboard Laptop computer laptop computer industrial pc,$42.00-$98.00,1.0 piece,3YRS,https://message.alibaba.com/msgsend/contact.htm?action=contact_action&appForm=s_en&chkProductIds=1600216371922&chkProductIds_f=IDX1tGLLxi_lpYSQXMgmLotpmBb-NbxtrlJDB5wP2knXtGF6tZirGI5R_vAPiB6jH5FJ&tracelog=contactOrg&mloca=main_en_search_list,https://www.alibaba.com/product-detail/ELSKY-hot-sale-motherboardj1900-i3-i5_1600216371922.html?s=p
Professional technical support and abundant software and hardware resources Android 5.1 RK3288 computer,$99.00,1.0 piece,10YRS,https://message.alibaba.com/msgsend/contact.htm?action=contact_action&appForm=s_en&chkProductIds=1600468354193&chkProductIds_f=IDX1gQoiozr6pUxh_9WOSocH0N7VmpfIanJXs7xltmQHgX9_lfmDYDIYZj2ri_febUm1&tracelog=contactOrg&mloca=main_en_search_list,https://www.alibaba.com/product-detail/Professional-technical-support-and-abundant-software_1600468354193.html?s=p
High Quality Computer Hardware Software De Ll T440 Rack Mount Servers For Sale,"$3,228.75",10 pieces,1YRS,https://message.alibaba.com/msgsend/contact.htm?action=contact_action&appForm=s_en&chkProductIds=1600774206927&chkProductIds_f=IDX1D66Mt9vx5jx41QVZZIwOACxE7-zS98562fdcIAYKFZiFiC4edBT99xltbJEeMOqp&tracelog=contactOrg&mloca=main_en_search_list,https://www.alibaba.com/product-detail/High-Quality-Computer-Hardware-Software-De_1600774206927.html?s=p
Hot Sale Hi-Tech Computer Hardware Software Power Supply R740XD Servers,"$3,243.29",10 sets,1YRS,https://message.alibaba.com/msgsend/contact.htm?action=contact_action&appForm=s_en&chkProductIds=1600745638414&chkProductIds_f=IDX1hCAaZFdQRzNsp42D0lNDpP74V9RfM3s_-WRqBkYmXt2tYox53Mv7-u4W4PMcY98d&tracelog=contactOrg&mloca=main_en_search_list,https://www.alibaba.com/product-detail/Hot-Sale-Hi-Tech-Computer-Hardware_1600745638414.html?s=p
Borderless 32 Inch Monitor Curved LCD 2K PC Gamer 2800R 165hz LED Monitors Gaming Monitor,$119.00-$129.00,1 piece,5YRS,https://message.alibaba.com/msgsend/contact.htm?action=contact_action&appForm=s_en&chkProductIds=1600666634277&chkProductIds_f=IDX1NHxGPApx_jQj-j-AtUWxMG1TeWPGnNyBKEqDZ8_n3BXri5SLiqiTYIM0qQGCG_69&tracelog=contactOrg&mloca=main_en_search_list,https://www.alibaba.com/product-detail/Borderless-32-Inch-Monitor-Curved-LCD_1600666634277.html?s=p
2023 Greatasia Education 10Inch Android 8.1 Tablet PC 4+32GB Octa Core OEM 128GB Computer Hardware Manufacturer,$52.00-$58.00,10 pieces,12YRS,https://message.alibaba.com/msgsend/contact.htm?action=contact_action&appForm=s_en&chkProductIds=1600688948769&chkProductIds_f=IDX1DEuQdROG7XJN9fMw-x_vI_STlgiLs_bjf4zPkxeTMHhP2I6jIDtEk5tMWdo9XZij&tracelog=contactOrg&mloca=main_en_search_list,https://www.alibaba.com/product-detail/2023-Greatasia-Education-10Inch-Android-8_1600688948769.html
Wholesale Win10 Pro Win10 Home Activation Code Key Computer Hardware Software Fast Shipping,$2.40-$3.00,1 unit,1YRS,https://message.alibaba.com/msgsend/contact.htm?action=contact_action&appForm=s_en&chkProductIds=1600471437990&chkProductIds_f=IDX1ZerM3GdA1JQ1B9QI1qwCYdA1V-3YeXdZRU18ey74iRIdHKtnH9EqgDVb6i6JRGrH&tracelog=contactOrg&mloca=main_en_search_list,https://www.alibaba.com/product-detail/Wholesale-Win10-Pro-Win10-Home-Activation_1600471437990.html
i9 Core 10th Generation 15.6 inch Laptop Hardware Software 11th Gen Intel i7 i5 16GB 10 11 Notebook Laptop i9,$385.00-$415.00,2 pieces,3YRS,https://message.alibaba.com/msgsend/contact.htm?action=contact_action&appForm=s_en&chkProductIds=1600309824341&chkProductIds_f=IDX142N0ztevstS4I1US8KCkyIlJcupxwL3qFRUHK7T7xrb6T27G7wQs3U1KGTNzOut0&tracelog=contactOrg&mloca=main_en_search_list,https://www.alibaba.com/product-detail/i9-Core-10th-Generation-15-6_1600309824341.html
SHAREVDI latest high quality compact fanless firewall mini pc computer hardware & software with 2 LAN,$96.00-$192.00,2.0 units,9YRS,https://message.alibaba.com/msgsend/contact.htm?action=contact_action&appForm=s_en&chkProductIds=1600472117808&chkProductIds_f=IDX18FEwU8WKRjvDXY4sFlulj9I9B8kx2nKz6Uq0V8uJYc_rb6DEmrbeczy01oLM1Grj&tracelog=contactOrg&mloca=main_en_search_list,https://www.alibaba.com/product-detail/SHAREVDI-latest-high-quality-compact-fanless_1600472117808.html
2022 factory new 27'' 2K 165hz gaming pc core i9 monoblock all in one pc computer hardware & software,$110.00-$129.00,2 pieces,4YRS,https://message.alibaba.com/msgsend/contact.htm?action=contact_action&appForm=s_en&chkProductIds=1600485054729&chkProductIds_f=IDX1Ij4ucc7huSlcgHjH9H-UFF9jS3lwZwOaPgrM8_eajWOggwAwAhK7MoFro4YmvWHf&tracelog=contactOrg&mloca=main_en_search_list,https://www.alibaba.com/product-detail/2022-factory-new-27-2K-165hz_1600485054729.html
Newest Arrival 144hz 240hz 24 / 27 / 32 Inch 2k 4k Curved Gaming Monitor Gaming Computer Hardware Gaming Monitors,$72.00-$80.00,1 piece,2YRS,https://message.alibaba.com/msgsend/contact.htm?action=contact_action&appForm=s_en&chkProductIds=1600564345874&chkProductIds_f=IDX1hVSEN8Ssad8u3kMvq4WLfD37c5OoLTrXH8-i6KXT8jiE0Ya8QhFNOa0W9fipag5O&tracelog=contactOrg&mloca=main_en_search_list,https://www.alibaba.com/product-detail/Newest-Arrival-144hz-240hz-24-27_1600564345874.html
Computer Hardware & Software RX 580 8GB 2304SP gaming video Cards wholesale amd rx 588 rx580 card best price GPU Graphics Cards,$28.00-$35.00,1.0 piece,5YRS,https://message.alibaba.com/msgsend/contact.htm?action=contact_action&appForm=s_en&chkProductIds=1600453431405&chkProductIds_f=IDX1zTEXyKTyXI1F1j5n2oOPp1dgrAKhzHiTWUOBraFbfl7EC_zjGR4ScWj36ODVlhaE&tracelog=contactOrg&mloca=main_en_search_list,https://www.alibaba.com/product-detail/Computer-Hardware-Software-RX-580-8GB_1600453431405.html
New 2023 custom desk mat pad computer hardware & software pc accessories mouse pad gaming mousepad,$0.19-$0.39,100 pieces,4YRS,https://message.alibaba.com/msgsend/contact.htm?action=contact_action&appForm=s_en&chkProductIds=1600619247322&chkProductIds_f=IDX1jaO1xtwF2fSHXfJR1qk2CjH-qfPaZFqcU6lbpXqADuNw0MMpLY0iI007N8LoBbDP&tracelog=contactOrg&mloca=main_en_search_list,https://www.alibaba.com/product-detail/New-2023-custom-desk-mat-pad_1600619247322.html
i5 i7 i9 AIO PC Meeting All in One Computers An International Price 16GB 1TB Computer Hardware &,$99.00-$159.00,2 pieces,10YRS,https://message.alibaba.com/msgsend/contact.htm?action=contact_action&appForm=s_en&chkProductIds=1600557854442&chkProductIds_f=IDX12p05oseZoeivqAIZOwiq2pe9OZesz964Ik30COtHWYqcZ_F5Co54VQ_hHpi-9PJW&tracelog=contactOrg&mloca=main_en_search_list,https://www.alibaba.com/product-detail/i5-i7-i9-AIO-PC-Meeting_1600557854442.html
8 Founder All in One Computer 24in Desktop i7 10700 Computer Hardware & Software,$99.00-$599.00,1 piece,1YRS,https://message.alibaba.com/msgsend/contact.htm?action=contact_action&appForm=s_en&chkProductIds=1600581927698&chkProductIds_f=IDX1ZpbaohVZcUxa8-kIGsWnGhHTGwdnPel8eDAPIbnAkRhQrJCz6cmJpB_C8SYK-VeH&tracelog=contactOrg&mloca=main_en_search_list,https://www.alibaba.com/product-detail/8-Founder-All-in-One-Computer_1600581927698.html
NEW ROG CROSSHAIR X670E EXTREME AMD Socket AM5 X670 DDR5 wifi 6e EATX computer hardware & pc gaming motherboard,"$988.00-$1,029.00",1 bag,1YRS,https://message.alibaba.com/msgsend/contact.htm?action=contact_action&appForm=s_en&chkProductIds=1600697597480&chkProductIds_f=IDX1Gb_94cm7MiR8B_l2fS2DqG8yhAJ4JxICyXy7b8E6jxbFay6njiWEipuVItlQO2UK&tracelog=contactOrg&mloca=main_en_search_list,https://www.alibaba.com/product-detail/NEW-ROG-CROSSHAIR-X670E-EXTREME-AMD_1600697597480.html
Hot sales 24 inch fhd screen monitor ips 75hz 1080p curved portable computer monitor computer hardware,$51.30-$72.20,1 piece,2YRS,https://message.alibaba.com/msgsend/contact.htm?action=contact_action&appForm=s_en&chkProductIds=1600498258762&chkProductIds_f=IDX1taf1mnMCxPi7D1lSs0YoBZj5owi4ky_pUzrhjv5S47OdFJuxSiR4lmQmjzPNOLhm&tracelog=contactOrg&mloca=main_en_search_list,https://www.alibaba.com/product-detail/Hot-sales-24-inch-fhd-screen_1600498258762.html
24 Inch 1K 1920*1080 1080P 144Hz 165Hz PC Flat Panel Display Desktop HDM Compatible Computers 75hz 24 Inch wholesale monitor,$69.92-$73.96,1.0 set,1YRS,https://message.alibaba.com/msgsend/contact.htm?action=contact_action&appForm=s_en&chkProductIds=1600629295053&chkProductIds_f=IDX1eTBr4nrIyBmJFHTQQ78Nnb7mscgNO2eUPQDRixogEHRKvZMuSYCdOo4MlTIeGn5Q&tracelog=contactOrg&mloca=main_en_search_list,https://www.alibaba.com/product-detail/24-Inch-1K-1920-1080-1080P_1600629295053.html
Core i9 10th Gen 15.6 inch Window 10 11 Hardware Software 11th Generation i7 i5 16GB RAM 1TB SSD Notebook Laptop,$468.35-$570.00,1 unit,3YRS,https://message.alibaba.com/msgsend/contact.htm?action=contact_action&appForm=s_en&chkProductIds=1600544520458&chkProductIds_f=IDX1yxrT0qXKnPgk_ITDU-8SDmvvwSo5KxiJ7uCdIC4687hy_Dg1UewlCDXb_ldG-n-l&tracelog=contactOrg&mloca=main_en_search_list,https://www.alibaba.com/product-detail/Core-i9-10th-Gen-15-6_1600544520458.html
OEM Desktops Computer Hardware With Graphics Card All In One Pcs Full Set Game Gamers Gaming PC,$145.00-$188.00,10 pieces,6YRS,https://message.alibaba.com/msgsend/contact.htm?action=contact_action&appForm=s_en&chkProductIds=1600629666610&chkProductIds_f=IDX1CUNEqlSJa04_7vMhBfFxP_FfEgp6_EtysYV69Lf5QxzDbVzNGpYvYD0H_EylVW8L&tracelog=contactOrg&mloca=main_en_search_list,https://www.alibaba.com/product-detail/OEM-Desktops-Computer-Hardware-With-Graphics_1600629666610.html
Design Slim 2560 1440 2.5K Display Window 11 Computer Hardware Software Intel 8GB Original Bulk Purchase Video Editing Laptop,$259.00-$329.00,1 piece,2YRS,https://message.alibaba.com/msgsend/contact.htm?action=contact_action&appForm=s_en&chkProductIds=1600618477459&chkProductIds_f=IDX1NR0HqcqKTwHOyDpC5WzDCmxSieh3bto0bWXqkp4RZRGdNreO2fIfNtBbNgzZIn9W&tracelog=contactOrg&mloca=main_en_search_list,https://www.alibaba.com/product-detail/Design-Slim-2560-1440-2-5K_1600618477459.html
office pc Thrive Causemetics All In One Pc 23.8inch Core I5 Ordinateur Gamer Gaming Computer Hardware Desktop,$155.00-$189.00,1 piece,1YRS,https://message.alibaba.com/msgsend/contact.htm?action=contact_action&appForm=s_en&chkProductIds=1600546534854&chkProductIds_f=IDX13Ye24f921DAf-0B9RRP6XDZPY1useF3PpAjzBIXIgWX_Vfsi5bJjhPsfuvIXto1y&tracelog=contactOrg&mloca=main_en_search_list,https://www.alibaba.com/product-detail/office-pc-Thrive-Causemetics-All-In_1600546534854.html
Good Quality Gaming Hardware & Software Set Ecran Pc Calculator Desktop Computer,$114.00-$261.25,1 unit,7YRS,https://message.alibaba.com/msgsend/contact.htm?action=contact_action&appForm=s_en&chkProductIds=1600682330939&chkProductIds_f=IDX1UYlwLuUG2EEMOgAd9bJEJUvKzwVwmYL_nqmqJmpt8_L09I9ASeeo20YCFL046aYh&tracelog=contactOrg&mloca=main_en_search_list,https://www.alibaba.com/product-detail/Good-Quality-Gaming-Hardware-Software-Set_1600682330939.html
11-1 HUB usbc charging aux with RJ45 Gigabit Ethernet 4K HDTV PD 100W USB HUB 3.0 VGA USBC,$16.00-$19.00,1 piece,3YRS,https://message.alibaba.com/msgsend/contact.htm?action=contact_action&appForm=s_en&chkProductIds=1600705999688&chkProductIds_f=IDX1rN6xSk3AaSmchQnDrNbrXlaJJqFpuSUnpSjnFfDENarIBpMM87LfrrKswKPs5DbL&tracelog=contactOrg&mloca=main_en_search_list,https://www.alibaba.com/product-detail/11-1-HUB-usbc-charging-aux_1600705999688.html
All in one business distributor wholesaler computer hardware software core i7 brand pc SKD PIO,$269.00,1 piece,2YRS,https://message.alibaba.com/msgsend/contact.htm?action=contact_action&appForm=s_en&chkProductIds=1600542025672&chkProductIds_f=IDX1-rR8yiXNBKhf7sCdwOUPqZR8UWuFmUJqtNwnVaD2f1cDeY9982yH5DlFBiCBUCe2&tracelog=contactOrg&mloca=main_en_search_list,https://www.alibaba.com/product-detail/All-in-one-business-distributor-wholesaler_1600542025672.html
Jakcom R3 Smart Ring Consumer Electronics Computer Hardware&Software Scanners Scanning Photos Qr Code Scanner Scanner,$7.90-$19.90,1 piece,9YRS,https://message.alibaba.com/msgsend/contact.htm?action=contact_action&appForm=s_en&chkProductIds=60429793924&chkProductIds_f=IDX1jlBxkJTpnSup6Zq5RPMkX76aHWvRabfTEBWkiS7CAbZriVIide3148_hX6L-ztIc&tracelog=contactOrg&mloca=main_en_search_list,https://www.alibaba.com/product-detail/Jakcom-R3-Smart-Ring-Consumer-Electronics_60429793924.html
China supplier 10.1 inch android tablet consumer electronics > computer hardware & software > tablet pc,$45.00-$60.00,2 pieces,8YRS,https://message.alibaba.com/msgsend/contact.htm?action=contact_action&appForm=s_en&chkProductIds=1600593649796&chkProductIds_f=IDX1B2hirXul26y0Qnsm1CtbtWseAqicGJ2GVV5ZcIX6pdI0uteR0w4D-EvPeqpw-WE1&tracelog=contactOrg&mloca=main_en_search_list,https://www.alibaba.com/product-detail/China-supplier-10-1-inch-android_1600593649796.html
New upgraded hardware e software per computer 16:10 screen notebook 13.3 inch ultraslim laptop for home computador portatil,$152.50-$185.00,2 pieces,3YRS,https://message.alibaba.com/msgsend/contact.htm?action=contact_action&appForm=s_en&chkProductIds=1600510311258&chkProductIds_f=IDX1PZx02b0kt4_Vj8mzQlzkgXK1Sm9CqrVjwvtvqcufbT8gRZTSBRnSDIVfRj50AuWg&tracelog=contactOrg&mloca=main_en_search_list,https://www.alibaba.com/product-detail/New-upgraded-hardware-e-software-per_1600510311258.html
oem mini gaming pc core i5 computer hardware & software all-in-one computer gamer pc desktop,$143.00-$215.00,2 pieces,3YRS,https://message.alibaba.com/msgsend/contact.htm?action=contact_action&appForm=s_en&chkProductIds=1600614906828&chkProductIds_f=IDX1Km-Iio30EtB7btYgZMP6BflHchS_n6pZdepaXM9uErgn-Q9pdkbSbltd65d03d6d&tracelog=contactOrg&mloca=main_en_search_list,https://www.alibaba.com/product-detail/oem-mini-gaming-pc-core-i5_1600614906828.html
Computer Accessories Hardware Software Computer Gaming Mouse Wireless 2.4ghz Optical Rechargeable Mouse With USB Charging Cable,$1.48-$1.57,100 pieces,5YRS,https://message.alibaba.com/msgsend/contact.htm?action=contact_action&appForm=s_en&chkProductIds=1600186198470&chkProductIds_f=IDX17rYmMSeo_h4Rh3Znek5RuT_oPZ7GVnfUkoo9zYFLBMtg-GimdlZkIJ8Q5WuZAMhd&tracelog=contactOrg&mloca=main_en_search_list,https://www.alibaba.com/product-detail/Computer-Accessories-Hardware-Software-Computer-Gaming_1600186198470.html
23.8 inch 4k all in one pc with 8/9/10/11/12 th Gen i3 i5 i7 processor computer hardware & software touch screen,"$437.56-$1,167.06",5.0 pieces,3YRS,https://message.alibaba.com/msgsend/contact.htm?action=contact_action&appForm=s_en&chkProductIds=1600509857577&chkProductIds_f=IDX1lNupF8G7qvrsC5B76B16_EMLKlIjYlgSr_bgnpEZ_tXkgVmDRxsSqYTOnNHFp5-i&tracelog=contactOrg&mloca=main_en_search_list,https://www.alibaba.com/product-detail/23-8-inch-4k-all-in_1600509857577.html
computer hardware & software sensitive touch multitouch capacitive touch foil film 10.1inch,$32.00-$36.00,2 pieces,6YRS,https://message.alibaba.com/msgsend/contact.htm?action=contact_action&appForm=s_en&chkProductIds=1600558109262&chkProductIds_f=IDX1pY41kFwKhmN7Dpw7OOSkOZpCzsbPtkBt0tyenNiVD3aywad9gVdV53VyBkHg4zxa&tracelog=contactOrg&mloca=main_en_search_list,https://www.alibaba.com/product-detail/computer-hardware-software-sensitive-touch-multitouch_1600558109262.html
PC/MAC Code 1 Year Subscription Unlimited McAfee computer antivirus software Send Account LiveSafe,$6.99-$14.99,1 piece,2YRS,https://message.alibaba.com/msgsend/contact.htm?action=contact_action&appForm=s_en&chkProductIds=1600472856175&chkProductIds_f=IDX13yNZ-nnztB10mlnmxfVU8vCeL5H12p0MjfHBZomw7eJJiSE7NmPOfJFYJYGQ-1-3&tracelog=contactOrg&mloca=main_en_search_list,https://www.alibaba.com/product-detail/PC-MAC-Code-1-Year-Subscription_1600472856175.html
32 Inch FHD Capacitive Industrial Touch Screen All In One PC gaming computer hardware software,$400.00-$450.00,1 set,6YRS,https://message.alibaba.com/msgsend/contact.htm?action=contact_action&appForm=s_en&chkProductIds=60837046164&chkProductIds_f=IDX1_UyebIzGFTfR3FazgptoN_uL4l6K80TiBZ14etuMMPwvTO7ivT1nIv9v3S12ezzg&tracelog=contactOrg&mloca=main_en_search_list,https://www.alibaba.com/product-detail/32-Inch-FHD-Capacitive-Industrial-Touch_60837046164.html
all-in-one computer used keyboard notebook mini pc desktop industrial laptop gaming hardware & software all in one,$148.50-$720.00,2 pieces,1YRS,https://message.alibaba.com/msgsend/contact.htm?action=contact_action&appForm=s_en&chkProductIds=1600696229448&chkProductIds_f=IDX1fzcfU36pz9Rp_vFS7WIQ1POcSHp3vzy_xx86XWHKKcHzOdKHQvuNzd9UO9UtqnnV&tracelog=contactOrg&mloca=main_en_search_list,https://www.alibaba.com/product-detail/all-in-one-computer-used-keyboard_1600696229448.html
Hot Selling Computer Hardware Products Ws-c2960s-24ts-l Switch For Price,$282.00,5 boxes,1YRS,https://message.alibaba.com/msgsend/contact.htm?action=contact_action&appForm=s_en&chkProductIds=1600746130288&chkProductIds_f=IDX1su6pdfTt_p1XijYnJn7-MWxYivqGJvUR1uLnbSk4eMOAQ7WNoKNTKUXrmMmDY_3V&tracelog=contactOrg&mloca=main_en_search_list,https://www.alibaba.com/product-detail/Hot-Selling-Computer-Hardware-Products-Ws_1600746130288.html
computer hardware & software NV156FHM-N42 15.6inch fhd laptop display 30pin edp IPS screen with brackets for DELL,$16.00-$18.00,10 pieces,11YRS,https://message.alibaba.com/msgsend/contact.htm?action=contact_action&appForm=s_en&chkProductIds=1600593752057&chkProductIds_f=IDX1QifangE9CaCcVewXKrlozq_NuWUFKRG6rw8T6v8BXOHqBCnSxVX2gfdg-eub6Ir6&tracelog=contactOrg&mloca=main_en_search_list,https://www.alibaba.com/product-detail/computer-hardware-software-NV156FHM-N42-15_1600593752057.html
Refurbished china cheap top mac computer hardware software laptop i7 i5 i3 pc case macbooks pro laptops for hp dell apple,$115.00-$150.00,5 pieces,2YRS,https://message.alibaba.com/msgsend/contact.htm?action=contact_action&appForm=s_en&chkProductIds=1600474947242&chkProductIds_f=IDX18QBlbysVK2uZ9p72X28bC29_EzzLJ2k13gcBefIJwudXoqVbXfbuWXpzJ5p8gG14&tracelog=contactOrg&mloca=main_en_search_list,https://www.alibaba.com/product-detail/Refurbished-china-cheap-top-mac-computer_1600474947242.html
Computer all in one PC hardware software 19.1 inch latest cheap ultra thin desktop for school house and office,$106.00-$158.00,1 piece,3YRS,https://message.alibaba.com/msgsend/contact.htm?action=contact_action&appForm=s_en&chkProductIds=1600214158416&chkProductIds_f=IDX1fr_vaizNWFl0lXBifzDiMA-JS_HeykC_84YUUudfpm2PXxgVPv8vPtMOkaGk-5HB&tracelog=contactOrg&mloca=main_en_search_list,https://www.alibaba.com/product-detail/Computer-all-in-one-PC-hardware_1600214158416.html
Hot New Products Computer Hardware and Software with SDK Handheld Thermal Printer Machine Android Pdas,$98.00-$158.00,1 piece,3YRS,https://message.alibaba.com/msgsend/contact.htm?action=contact_action&appForm=s_en&chkProductIds=1600695285122&chkProductIds_f=IDX1cgZptJ_TQoZ1BjUb6JGFZon0bQkJ97DGd5dwHcSBFIdvBGwPzV24u0qp1gRQzrj8&tracelog=contactOrg&mloca=main_en_search_list,https://www.alibaba.com/product-detail/Hot-New-Products-Computer-Hardware-and_1600695285122.html
GPD WIN Max 2021 Mini Laptop 8.0 inch 16GB+1TB Window 10 IntelCore i7 1195G7 Quad Core gaming computer,$699.10-$998.52,1 piece,3YRS,https://message.alibaba.com/msgsend/contact.htm?action=contact_action&appForm=s_en&chkProductIds=1600357708834&chkProductIds_f=IDX14jcdeY9MXhiPoyj6fQPAg1A9o7c78M69Sde10DNhHOuuA1pr4fzMFkZvzb3PQjZk&tracelog=contactOrg&mloca=main_en_search_list,https://www.alibaba.com/product-detail/GPD-WIN-Max-2021-Mini-Laptop_1600357708834.html
2022 Laptops Customized 14 inch laptop win10 J4115 Notebook Portable PC Computer Gaming Hardware,$135.00-$140.00,2 pieces,2YRS,https://message.alibaba.com/msgsend/contact.htm?action=contact_action&appForm=s_en&chkProductIds=1600428050724&chkProductIds_f=IDX1SCu3tVhJHyE2i_Zmx_A9lpB2c2K2mEkf0XdeMS3NqiauAz7DLlMd5c51ibFbUFYM&tracelog=contactOrg&mloca=main_en_search_list,https://www.alibaba.com/product-detail/2022-Laptops-Customized-14-inch-laptop_1600428050724.html
Best price 27 Inch 165hz gaming Monitors 1k lcd Computer Hardware Software curved Monitor Computer Desktop pc Monitor,$129.00-$158.00,1 piece,5YRS,https://message.alibaba.com/msgsend/contact.htm?action=contact_action&appForm=s_en&chkProductIds=1600527297022&chkProductIds_f=IDX1xNbpyCxDBYGi1Sa1pIEyktDUJLgoZuaOXmftYgQE4CyAXv1kbpciCJy-OFZXdom7&tracelog=contactOrg&mloca=main_en_search_list,https://www.alibaba.com/product-detail/Best-price-27-Inch-165hz-gaming_1600527297022.html
2022 gaming laptop computer hardware & software10 inch tablet laptop,$99.00-$121.00,2 pieces,10YRS,https://message.alibaba.com/msgsend/contact.htm?action=contact_action&appForm=s_en&chkProductIds=11000002937810&chkProductIds_f=IDX1dPo-MdJl0nwYVfFaP_8iKOBv-Hvimuut1otltGxq3pyW-Bdodxe5r8sEkOG6zIiF&tracelog=contactOrg&mloca=main_en_search_list,https://www.alibaba.com/product-detail/2022-gaming-laptop-computer-hardware-software10_11000002937810.html
2021 New Design Power pc Case Gabinetet PC Gaming Hardware Gaming Computer Case Towers,$15.00-$17.00,10 pieces,2YRS,https://message.alibaba.com/msgsend/contact.htm?action=contact_action&appForm=s_en&chkProductIds=1600521090994&chkProductIds_f=IDX1OjN35SVGsiUXcqxtqC7I2AnCe4DLrQujHyibK36yPeZlbfX_up5HxDoOHg-jnOez&tracelog=contactOrg&mloca=main_en_search_list,https://www.alibaba.com/product-detail/2021-New-Design-Power-pc-Case_1600521090994.html
Free shipping hardware software gaming pc laptop computer,$150.00-$168.00,1 piece,11YRS,https://message.alibaba.com/msgsend/contact.htm?action=contact_action&appForm=s_en&chkProductIds=1600517020816&chkProductIds_f=IDX1CqPEg5Fr-4sPqDT1zq0JpeN7vhgOccdpVjQYGrVD-AF0NLCvOd9GHbT_0mbm_N5a&tracelog=contactOrg&mloca=main_en_search_list,https://www.alibaba.com/product-detail/Free-shipping-hardware-software-gaming-pc_1600517020816.html
Desktop System Recovery Data Protection Software For Corporate Office Computer Classroom Multimedia Conference Room,$12.00-$16.00,2 pieces,7YRS,https://message.alibaba.com/msgsend/contact.htm?action=contact_action&appForm=s_en&chkProductIds=1600114047532&chkProductIds_f=IDX1kt7zX8o1-jY3uSW_dxT8xcVTAiQ2XsOD5-aQc2MvQup2tKeRLR_K8jaX6AzK4rAk&tracelog=contactOrg&mloca=main_en_search_list,https://www.alibaba.com/product-detail/Desktop-System-Recovery-Data-Protection-Software_1600114047532.html
X8 PRO 7 inch touch screen monitor computer desktop win10 Android version support kinds of PC software to run,$62.35-$93.82,1 piece,8YRS,https://message.alibaba.com/msgsend/contact.htm?action=contact_action&appForm=s_en&chkProductIds=60851631259&chkProductIds_f=IDX1NbitpGn98YvWIuRSEW3rvkHaW87QuxC7-dE85Nz9_B6Sbl5zobRDIh44bp3Wh9QQ&tracelog=contactOrg&mloca=main_en_search_list,https://www.alibaba.com/product-detail/X8-PRO-7-inch-touch-screen_60851631259.html
Sibolan 173 inch 1080P ips portable gaming screen monitor computer hardware for Laptop PS5 PS4 mobile,$205.00-$268.00,1 piece,5YRS,https://message.alibaba.com/msgsend/contact.htm?action=contact_action&appForm=s_en&chkProductIds=1600065917730&chkProductIds_f=IDX1ng5qg2dUWz6y9APK_YXrC8KTfkFg4Vx4h_MGhzWu2d1yeVqtxQFq7KIL-daIYlLd&tracelog=contactOrg&mloca=main_en_search_list,https://www.alibaba.com/product-detail/Sibolan-173-inch-1080P-ips-portable_1600065917730.html
High Performance Business 23.8 Inch Curved Screen AIO Computer Hardware for Windows OS All in One PC Desktop,$152.00-$155.00,1 piece,4YRS,https://message.alibaba.com/msgsend/contact.htm?action=contact_action&appForm=s_en&chkProductIds=1600506645248&chkProductIds_f=IDX1xEXQG5RrbjaCIhAsV_xt0LUMK4Y9g77qQA3xO1vhfLDXldD64MmsPwtKyEH2H1zP&tracelog=contactOrg&mloca=main_en_search_list,https://www.alibaba.com/product-detail/High-Performance-Business-23-8-Inch_1600506645248.html
Qotom J4125 Fanless Desktop Mini PC Firewall Appliance Industrial Pc 5*Intel I225-v 2.5G Gigabit LAN pfSense,$132.00-$197.00,2 pieces,12YRS,https://message.alibaba.com/msgsend/contact.htm?action=contact_action&appForm=s_en&chkProductIds=62087009530&chkProductIds_f=IDX1-7KyZFMHvfg8K4737crGyWCctb2RflBiMfT3C_yu0STh5INQz9bpU_ZpTeL1gcgq&tracelog=contactOrg&mloca=main_en_search_list,https://www.alibaba.com/product-detail/Qotom-J4125-Fanless-Desktop-Mini-PC_62087009530.html
Sipolar fd602 10 multi port 60w usb 3.0 charger hub USB wall desk charger station for computer hardware,$28.90-$30.90,1 piece,3YRS,https://message.alibaba.com/msgsend/contact.htm?action=contact_action&appForm=s_en&chkProductIds=1600670963186&chkProductIds_f=IDX1lPQ9rqJx1UpPpYb1H-EhCD7V8Cm-9wMryo2rtII0PHetRUr8h54iDHIN92oVHmhg&tracelog=contactOrg&mloca=main_en_search_list,https://www.alibaba.com/product-detail/Sipolar-fd602-10-multi-port-60w_1600670963186.html
HYSTOU Mini Computer Desktop Hardware Nettop Cheap Desktop Computers on Sale,$173.66-$267.38,1 piece,8YRS,https://message.alibaba.com/msgsend/contact.htm?action=contact_action&appForm=s_en&chkProductIds=1600135060706&chkProductIds_f=IDX1yWihqfgQGKk8SvF0STpqkcyEy3UrLIPQLU8PGBr0apxDsiTgyvRcxSV7B43SPRZR&tracelog=contactOrg&mloca=main_en_search_list,https://www.alibaba.com/product-detail/HYSTOU-Mini-Computer-Desktop-Hardware-Nettop_1600135060706.html
Weier monitor 23.8 inch screens desktop computer hardware display PC gaming monitors,$52.00-$68.00,1 piece,3YRS,https://message.alibaba.com/msgsend/contact.htm?action=contact_action&appForm=s_en&chkProductIds=1600476342356&chkProductIds_f=IDX1ZuHY539k6YMDdBEZiPEEYaFJLa-u_LVj-PtSBefBMckAO137AZFKQHmmVvLoBlWJ&tracelog=contactOrg&mloca=main_en_search_list,https://www.alibaba.com/product-detail/Weier-monitor-23-8-inch-screens_1600476342356.html
computer hardware 15.6 inch 4K gtx laptop core i7 10th 11th generation 1920*1080 IPS 16GB 32GB odm gaming notebook for school,$256.60-$370.50,1 piece,1YRS,https://message.alibaba.com/msgsend/contact.htm?action=contact_action&appForm=s_en&chkProductIds=1600558443669&chkProductIds_f=IDX1soSc8fqkSlCC1dKXZ5hPHjDxw6LSkRKQXFIkJenUeFRttbrDCha7BjRNcJbzVDoI&tracelog=contactOrg&mloca=main_en_search_list,https://www.alibaba.com/product-detail/computer-hardware-15-6-inch-4K_1600558443669.html
24'' 27'' 2K 165hz graphics card gaming pc all in one computer hardware and software all in one,$98.00-$129.00,2 sets,4YRS,https://message.alibaba.com/msgsend/contact.htm?action=contact_action&appForm=s_en&chkProductIds=1600578304231&chkProductIds_f=IDX1iPYafGRmCto19-O7VU9VJExMwloxNY6_o3oU28qwRIF3ZQr-MS8S6hdC3BxBVe78&tracelog=contactOrg&mloca=main_en_search_list,https://www.alibaba.com/product-detail/24-27-2K-165hz-graphics-card_1600578304231.html
Computer Hardware & Software RTX 3060ti Graphics Card 8GB GDDR6 GPU Gaming 256Bit Video Card 3060 ti,$179.00-$209.00,1 piece,5YRS,https://message.alibaba.com/msgsend/contact.htm?action=contact_action&appForm=s_en&chkProductIds=1600617110020&chkProductIds_f=IDX1gcRuJi37J9_clT3T4NObZm38qcLMJeiQZlNbsrjNS2pYZOXXTcb-LP8R86BDTYS0&tracelog=contactOrg&mloca=main_en_search_list,https://www.alibaba.com/product-detail/Computer-Hardware-Software-RTX-3060ti-Graphics_1600617110020.html
Greatasia Win10 Laptop 15.6Inch 1920*1080 N5095 Student Computer Hardware & Software 16GB Education Laptops,$165.00-$175.00,2.0 pieces,12YRS,https://message.alibaba.com/msgsend/contact.htm?action=contact_action&appForm=s_en&chkProductIds=1600737633913&chkProductIds_f=IDX1jURCF5QfhtXyHJ-dcPcua1pTue6tp5NkZkFaV23JTdZ7gQhUB-5cgh1Z2IyRwzpi&tracelog=contactOrg&mloca=main_en_search_list,https://www.alibaba.com/product-detail/Greatasia-Win10-Laptop-15-6Inch-1920_1600737633913.html
Factory Outlet 21.5 inch core i5 i7 i9 processor barebone computer Laptops hardware & software All In One pc Monoblock Desktop,$80.00-$198.00,2 pieces,1YRS,https://message.alibaba.com/msgsend/contact.htm?action=contact_action&appForm=s_en&chkProductIds=1600748711324&chkProductIds_f=IDX1ebL9aMRvmsCf1MdSpib252ABMEfyyA_TDQxFrwftkgRz7QuOlSAfUXctQPZ0d-U4&tracelog=contactOrg&mloca=main_en_search_list,https://www.alibaba.com/product-detail/Factory-Outlet-21-5-inch-core_1600748711324.html
Core i9 10th Gen 15.6 inch Window 10 11 Hardware Software 11th Generation i7 i5 16GB RAM 1TB SSD Notebook Laptop,$404.70-$570.00,1 unit,3YRS,https://message.alibaba.com/msgsend/contact.htm?action=contact_action&appForm=s_en&chkProductIds=1600515759376&chkProductIds_f=IDX1lew_lyggMRmphz6X5sfABsylzB8HUG3pSNgcO-MabtnnaiTUwbzcuj6n2GQ0nXC-&tracelog=contactOrg&mloca=main_en_search_list,https://www.alibaba.com/product-detail/Core-i9-10th-Gen-15-6_1600515759376.html
22 Inch 1K 1920*1080 1080P 60Hz 75Hz Fast 1ms With 2560*1440 Resolution Mva Panel DisplayPort For office PC monitor,$51.17-$54.87,1.0 set,1YRS,https://message.alibaba.com/msgsend/contact.htm?action=contact_action&appForm=s_en&chkProductIds=1600617367555&chkProductIds_f=IDX1n3XcvflIABQG3M1NkThwyKm0hBA-Yc4i3RAq03Kara03ziZiU58sFdV7UiI2xMqV&tracelog=contactOrg&mloca=main_en_search_list,https://www.alibaba.com/product-detail/22-Inch-1K-1920-1080-1080P_1600617367555.html
OEM 16 inch Notebook 2.5K 2560x1600 16:10 UHD core i5 10th gen laptop 8GB 256GB SSD gaming intel i7,$176.00-$186.00,100 pieces,3YRS,https://message.alibaba.com/msgsend/contact.htm?action=contact_action&appForm=s_en&chkProductIds=1600477597734&chkProductIds_f=IDX1vgMWFWJxQ5neu064murJssVE2BhxDfbknseWekAqrVE-v3Yop0b6scGrUTm6QxBg&tracelog=contactOrg&mloca=main_en_search_list,https://www.alibaba.com/product-detail/OEM-16-inch-Notebook-2-5K_1600477597734.html
Jakcom R3 Smart Ring Consumer Electronics Computer Hardware&Software Scanners Film Negative Scanner Retina Scanner Printer,$7.90-$19.90,1 piece,9YRS,https://message.alibaba.com/msgsend/contact.htm?action=contact_action&appForm=s_en&chkProductIds=60429429834&chkProductIds_f=IDX137Vxwvu1YcZ6kCUwdh3EwJny0Gd63X2iH6UFYJyAp7U6j0kI3yZONDnNjrmqvFEE&tracelog=contactOrg&mloca=main_en_search_list,https://www.alibaba.com/product-detail/Jakcom-R3-Smart-Ring-Consumer-Electronics_60429429834.html
oem manufacturer core i7 laptops tout en un ordinateurs aio gaming computer hardware & software,$160.00-$279.00,1 piece,3YRS,https://message.alibaba.com/msgsend/contact.htm?action=contact_action&appForm=s_en&chkProductIds=1600121248351&chkProductIds_f=IDX1nOxX_MUNCVyWt1WPFiWa-Ukw3ptUz7qh1wUgF7coLqusUKP4JPDvdK7EafpRvqeh&tracelog=contactOrg&mloca=main_en_search_list,https://www.alibaba.com/product-detail/oem-manufacturer-core-i7-laptops-tout_1600121248351.html
Popular DAOFENG 3 Gaming PC ATX Computer Case Casin Cabinet Hardware With 3 PCS RGB FAN,$32.30-$35.00,10 pieces,4YRS,https://message.alibaba.com/msgsend/contact.htm?action=contact_action&appForm=s_en&chkProductIds=1600117737186&chkProductIds_f=IDX1QYzPYJsbVKV1jLYZOG56BnMPJkp4vFnDKtNzulrqqJG78yWnhmd14uToSjKF9uR4&tracelog=contactOrg&mloca=main_en_search_list,https://www.alibaba.com/product-detail/Popular-DAOFENG-3-Gaming-PC-ATX_1600117737186.html
GPD Pocket 3 Mini Laptop 8GB+512GB Win10 Home N6000 Quad Core 8 inch portable handheld game console,$309.30-$569.30,1 piece,3YRS,https://message.alibaba.com/msgsend/contact.htm?action=contact_action&appForm=s_en&chkProductIds=1600506584467&chkProductIds_f=IDX1u5zUlZMN0UM4ITmOkJsPuXqV3_wQvb9swSVQwkJZs7Z86UTG2nvJN6XbRqECfOsu&tracelog=contactOrg&mloca=main_en_search_list,https://www.alibaba.com/product-detail/GPD-Pocket-3-Mini-Laptop-8GB_1600506584467.html
GPD WIN Max 2 Mini Gaming Laptop 10.1 inch 16GB+1TB Window 11 6800U Octa Core gaming computer,$699.20-$986.50,1 piece,1YRS,https://message.alibaba.com/msgsend/contact.htm?action=contact_action&appForm=s_en&chkProductIds=1600617317362&chkProductIds_f=IDX1-OS-QXpR6uzM3Dww6nzr65Lp1eYOYkj8e5H78xG2m_GYOy-NvzR5YE4DwJsRB4EZ&tracelog=contactOrg&mloca=main_en_search_list,https://www.alibaba.com/product-detail/GPD-WIN-Max-2-Mini-Gaming_1600617317362.html
Wholesale 15.6 inch laptop Intel Core i7 5500U ordinateur portable business gaming computer Hardware,$153.84-$384.63,1.0 piece,11YRS,https://message.alibaba.com/msgsend/contact.htm?action=contact_action&appForm=s_en&chkProductIds=1600516467643&chkProductIds_f=IDX1ZroktfY4ZtE18cHqpMeAnh2Equ2qZ6NBgU5U7o4ta39w1rCc2yvh7eoVpxJbVUrh&tracelog=contactOrg&mloca=main_en_search_list,https://www.alibaba.com/product-detail/Wholesale-15-6-inch-laptop-Intel_1600516467643.html
Customized OEM PC Case Gabinetet PC Gaming Hardware Gaming Computer Case PC Towers,$2.35-$15.00,1.0 piece,2YRS,https://message.alibaba.com/msgsend/contact.htm?action=contact_action&appForm=s_en&chkProductIds=1600589519226&chkProductIds_f=IDX1IZhxYnL_HCPonLp6TVNHDFaglre7hscV4Wg064uzandR9WDn12CMISJkYBVLzQ4e&tracelog=contactOrg&mloca=main_en_search_list,https://www.alibaba.com/product-detail/Customized-OEM-PC-Case-Gabinetet-PC_1600589519226.html
Cheapest Commercial 14 Inch Laptops Wholesale 6+64GB Office Business Laptop Computer Hardware Manufacturer,$92.00-$98.00,10 pieces,12YRS,https://message.alibaba.com/msgsend/contact.htm?action=contact_action&appForm=s_en&chkProductIds=1600690471452&chkProductIds_f=IDX1j6OqJnPbnikTk_FKL58YaRQ5n0ebcAlUdDpbKwNfyuXkI1zPA7UA8JgRo9ynK_0Y&tracelog=contactOrg&mloca=main_en_search_list,https://www.alibaba.com/product-detail/Cheapest-Commercial-14-Inch-Laptops-Wholesale_1600690471452.html
RX 5600 XT 6GB GDDR6 PCI Express 4.0 ATX Graphic card computer software & hardware,$73.00-$78.00,1 piece,5YRS,https://message.alibaba.com/msgsend/contact.htm?action=contact_action&appForm=s_en&chkProductIds=1600690964243&chkProductIds_f=IDX1fwzpW7QdGUuQpawtwVL2mBLeTUH2DEzQExkaPbEFyoJM2GKzgi8Cz3FT-AThEhDw&tracelog=contactOrg&mloca=main_en_search_list,https://www.alibaba.com/product-detail/RX-5600-XT-6GB-GDDR6-PCI_1600690964243.html
27 Inch 2K 2560*1440 1440P 60Hz 75Hz 1ms 27 Inch 144hz 165hz Dp Gaming Curved Lcd Led 75hz Pc wholesale monitor,$76.19-$80.03,1.0 set,1YRS,https://message.alibaba.com/msgsend/contact.htm?action=contact_action&appForm=s_en&chkProductIds=1600616229666&chkProductIds_f=IDX1uriL-y5ToG62Ulu9pPxECLhU1McKtw8KqMVsa34q8iWjK1GeQ-Z8C30H02m2InZ7&tracelog=contactOrg&mloca=main_en_search_list,https://www.alibaba.com/product-detail/27-Inch-2K-2560-1440-1440P_1600616229666.html
Cheap Game laptop Desktop case Core i3 i5 i7 i9 CPU 256 1T ssd PC Gaming bilgisayar hardware & Desktop,$180.00-$219.00,1 piece,3YRS,https://message.alibaba.com/msgsend/contact.htm?action=contact_action&appForm=s_en&chkProductIds=1600546939171&chkProductIds_f=IDX1t1iI7mXe_H9mhE7P0CVwt5maWv0Zc7m0w6HXgcTHmBnOKiSlOzk3XTFt7IrHEeGN&tracelog=contactOrg&mloca=main_en_search_list,https://www.alibaba.com/product-detail/Cheap-Game-laptop-Desktop-case-Core_1600546939171.html
computer hardware 15.6 inch 4K gtx laptop core i7 10th 11th generation 1920*1080 IPS 16GB 32GB odm gaming notebook for school,$258.00,1000 pieces,1YRS,https://message.alibaba.com/msgsend/contact.htm?action=contact_action&appForm=s_en&chkProductIds=1600582302434&chkProductIds_f=IDX1SqnOPr_hxfAnWlbQQ1PW6FcxxN0o42EmmrfR3Qxwjc97FPThhIm4RDWET8G5GuE3&tracelog=contactOrg&mloca=main_en_search_list,https://www.alibaba.com/product-detail/computer-hardware-15-6-inch-4K_1600582302434.html
Hot Product Hardware All In One Gaming Desktop ATX Case R16 Office PC Computer With RGB Fans,$95.00-$170.00,1 piece,4YRS,https://message.alibaba.com/msgsend/contact.htm?action=contact_action&appForm=s_en&chkProductIds=1600092923595&chkProductIds_f=IDX17ghMh2mHsJYy0eRr678GJwhpbygWGzQ4gjtY_aofrvvruFNeCRCfWdbCR7s0LQH0&tracelog=contactOrg&mloca=main_en_search_list,https://www.alibaba.com/product-detail/Hot-Product-Hardware-All-In-One_1600092923595.html
GPD Pocket 3 Mini Laptop 8GB+512GB Win10 Home N6000 Quad Core 8 Inch Portable Handheld Game Console,$309.30-$569.30,1 piece,1YRS,https://message.alibaba.com/msgsend/contact.htm?action=contact_action&appForm=s_en&chkProductIds=1600596387652&chkProductIds_f=IDX1wmZPcW8EXumi1rZ1VPOPUpOew8oo5-_0Whwg5QumhEoklhxsJv2yueibaGjPcGp_&tracelog=contactOrg&mloca=main_en_search_list,https://www.alibaba.com/product-detail/GPD-Pocket-3-Mini-Laptop-8GB_1600596387652.html
Cheapest Gaming Computadora Portatil Laptop 8GB RAM 256GB SSD Core i5 10210U 10 Generation,$315.00-$322.00,10 pieces,12YRS,https://message.alibaba.com/msgsend/contact.htm?action=contact_action&appForm=s_en&chkProductIds=1600691182011&chkProductIds_f=IDX1xkE-y7GblxVijUlR6mcQ8yL2fXK9SolW0S3weuD5Hn2YEz_aq9gNjcku_L5SwxE4&tracelog=contactOrg&mloca=main_en_search_list,https://www.alibaba.com/product-detail/Cheapest-Gaming-Computadora-Portatil-Laptop-8GB_1600691182011.html
PRO B660M-G DDR4 Motherboard Supports LGA1700 Socket DDR4 64G Memory Up 12th Gen CPU,$44.88-$48.88,1 piece,5YRS,https://message.alibaba.com/msgsend/contact.htm?action=contact_action&appForm=s_en&chkProductIds=1600643609851&chkProductIds_f=IDX1QYmoG_zhN6GEAwEo8vFoLjnlj0HinKeuNl6T9ArWXRVtnVk5Ny4skUSBeePq4ihn&tracelog=contactOrg&mloca=main_en_search_list,https://www.alibaba.com/product-detail/PRO-B660M-G-DDR4-Motherboard-Supports_1600643609851.html
XIAWEI Cheap Game laptop Desktop case Core i3 i5 i7 i9 CPU 256 1T ssd PC Gaming bilgisayar hardware Desktop,$180.00-$219.00,1 piece,1YRS,https://message.alibaba.com/msgsend/contact.htm?action=contact_action&appForm=s_en&chkProductIds=1600626857002&chkProductIds_f=IDX1l8Ew_KISJzP5-djVHDn1kHU2_iA6lr8mhMPniBIpxt-5bRbjDMAzOQ35wxX5PdaA&tracelog=contactOrg&mloca=main_en_search_list,https://www.alibaba.com/product-detail/XIAWEI-Cheap-Game-laptop-Desktop-case_1600626857002.html
cheap price mini gamer pc core i3 i5 i7 bilgisayar computador hardware & software all in one computer desktop pc,$108.00-$194.00,2 pieces,3YRS,https://message.alibaba.com/msgsend/contact.htm?action=contact_action&appForm=s_en&chkProductIds=1600709438641&chkProductIds_f=IDX1b21kl0yl681GxkyS1yk8jGYPOAXuwPoIWhE0JGXEGnM1jr8233k3UALfHI_pM1x3&tracelog=contactOrg&mloca=main_en_search_list,https://www.alibaba.com/product-detail/cheap-price-mini-gamer-pc-core_1600709438641.html
High-end Luxury Segotep HALO7PLUS Business Accessories Hardware Computer Case,$18.60-$20.15,1 piece,4YRS,https://message.alibaba.com/msgsend/contact.htm?action=contact_action&appForm=s_en&chkProductIds=1600112070730&chkProductIds_f=IDX1DqLkxHcdaBh-EPD0A8ycDiHwda7wsvZfylCU6KTmdGHTZtEysRxZrDrKp8M1Mm2a&tracelog=contactOrg&mloca=main_en_search_list,https://www.alibaba.com/product-detail/High-end-Luxury-Segotep-HALO7PLUS-Business_1600112070730.html
PC/Mac/Android/Linux 1 DEVICE/1 YEAR online code Privacy Protection Antivirus Software For Eset Internet Security,$1.00-$8.19,1 piece,2YRS,https://message.alibaba.com/msgsend/contact.htm?action=contact_action&appForm=s_en&chkProductIds=1600488374077&chkProductIds_f=IDX1RLOTvJ1DNlbOZC3Pm1roe9bQ-CgK2CmtF3NhqXm17wuf1F87hlvh1A7F_L5UZeTa&tracelog=contactOrg&mloca=main_en_search_list,https://www.alibaba.com/product-detail/PC-Mac-Android-Linux-1-DEVICE_1600488374077.html
24/7 Online McAfee Internet Security 2022 Unlimited Devices 1 Year Bind Key Security Software Download Code,$5.00-$10.00,1 piece,3YRS,https://message.alibaba.com/msgsend/contact.htm?action=contact_action&appForm=s_en&chkProductIds=1600511286547&chkProductIds_f=IDX1FpMkWYL7v5kCsM3pFCMDFGscbL8tnqwpsi1KvUgRLzD5rBkevYaf2VSEhVtWazc0&tracelog=contactOrg&mloca=main_en_search_list,https://www.alibaba.com/product-detail/24-7-Online-McAfee-Internet-Security_1600511286547.html
Networking Server Ms Internet 247 Online ESET Internet Security Key 1 pc 1 year License Key ESET Antivirus,$5.40-$8.10,1 piece,1YRS,https://message.alibaba.com/msgsend/contact.htm?action=contact_action&appForm=s_en&chkProductIds=1600653508253&chkProductIds_f=IDX1StFElQE9l7bo_uzr7nNNejVAFEPoNmQpVnnEk_gufctIVjBXWrmv_IIsHEHuDyvU&tracelog=contactOrg&mloca=main_en_search_list,https://www.alibaba.com/product-detail/Networking-Server-Ms-Internet-247-Online_1600653508253.html
phone activation for office 2021 Pro Plus Email Delivery for Office 2021 professional pro software for office 2021,$2.50-$3.50,2 pieces,1YRS,https://message.alibaba.com/msgsend/contact.htm?action=contact_action&appForm=s_en&chkProductIds=1600593404745&chkProductIds_f=IDX12dr33i3EFBwlWpKGlYxStpK8BFHjRRg3TQwbwHuNVEO7Azo9avFJCqaX9P-sbW7O&tracelog=contactOrg&mloca=main_en_search_list,https://www.alibaba.com/product-detail/phone-activation-for-office-2021-Pro_1600593404745.html
2021 year hot kids preschool tablets K 91 have many learning software,$28.30-$29.80,10 boxes,4YRS,https://message.alibaba.com/msgsend/contact.htm?action=contact_action&appForm=s_en&chkProductIds=1600285242898&chkProductIds_f=IDX1sKav0ExmhVcanQS3wfz7ZDxeYKV41Qa0WhusRDU4FKH-i8MR9jSenQ5qqjD4Aug5&tracelog=contactOrg&mloca=main_en_search_list,https://www.alibaba.com/product-detail/2021-year-hot-kids-preschool-tablets_1600285242898.html
PC/Win Online Send Download Link Lifetime use oem license Drafting Tools Software 2023 AutoCAD,$20.00,1 gross,1YRS,https://message.alibaba.com/msgsend/contact.htm?action=contact_action&appForm=s_en&chkProductIds=1600693200255&chkProductIds_f=IDX1Md08ZJw3uCN5_v64jjwINP_IWLsMqOg9n6CcLD59DMw1qy61G6C78QzsdbRiQm0f&tracelog=contactOrg&mloca=main_en_search_list,https://www.alibaba.com/product-detail/PC-Win-Online-Send-Download-Link_1600693200255.html
Cheapest Tablets 7 Inches Android Wifi Eye Protection Children Learning tablets Software for Kids Gaming Educational Tablet PC,$18.90-$19.90,2 pieces,2YRS,https://message.alibaba.com/msgsend/contact.htm?action=contact_action&appForm=s_en&chkProductIds=1600493582240&chkProductIds_f=IDX1zZIl-cddCuOvdxVwLEyh31H6AHVJSMYMOdm_5Xu1gKVTAdTwC939AA9Kid4yqjfa&tracelog=contactOrg&mloca=main_en_search_list,https://www.alibaba.com/product-detail/Cheapest-Tablets-7-Inches-Android-Wifi_1600493582240.html
24/7 Online Genuine Autodesk All Apps 3 Year Subscription 2023/2022/2021/2020 Mac/PC/Pad Modeling and Rendering,$117.00,1 parcel,1YRS,https://message.alibaba.com/msgsend/contact.htm?action=contact_action&appForm=s_en&chkProductIds=1600763097962&chkProductIds_f=IDX1rTMbmxGAvO8b0wHRyNRNktDRX9h8qY1vEpFZFUm361kchF5vewB5FQrnunEeyg3N&tracelog=contactOrg&mloca=main_en_search_list,https://www.alibaba.com/product-detail/24-7-Online-Genuine-Autodesk-All_1600763097962.html
China Factory Cheapest Tablets 7 Inches Android tablets Children Learning Software for Kids Gaming Educational Tablet PC,$29.00-$36.00,1 piece,8YRS,https://message.alibaba.com/msgsend/contact.htm?action=contact_action&appForm=s_en&chkProductIds=1600721137374&chkProductIds_f=IDX1lB8hEe0ybHg2JZuwPxFHh2alf15B9_P3DUMr5YE1vcJMa5Eg85Pohlskki9IvFEv&tracelog=contactOrg&mloca=main_en_search_list,https://www.alibaba.com/product-detail/China-Factory-Cheapest-Tablets-7-Inches_1600721137374.html
"CIDOO V65 Wireless/Wired Mechanical Keyboard, 65% Hot Swappable Gasket Mount, with VIA Programmable , South-Facing LED,",$102.00-$171.00,2 pieces,4YRS,https://message.alibaba.com/msgsend/contact.htm?action=contact_action&appForm=s_en&chkProductIds=1600699135166&chkProductIds_f=IDX1xpHido1bgUY2j1CObEJTp7RDsvyf9x-V9QRMZoy2VFKz7uKBVJsg-XKrLQbgYmUp&tracelog=contactOrg&mloca=main_en_search_list,https://www.alibaba.com/product-detail/CIDOO-V65-Wireless-Wired-Mechanical-Keyboard_1600699135166.html
CPU GOU RAM HDD Info Monitor 3.5 Inch IPS USB C For PC Laptop Secondary Screen Software Accompany For AIDA64 Mini Display,$23.90-$25.90,100 pieces,14YRS,https://message.alibaba.com/msgsend/contact.htm?action=contact_action&appForm=s_en&chkProductIds=1600726767444&chkProductIds_f=IDX1PPR1_D3_Mmkn8k3DaGBxK9sV1QDyndVTcsUUYJ9LJTbbFdWlnddMlUDKGgg4YPV-&tracelog=contactOrg&mloca=main_en_search_list,https://www.alibaba.com/product-detail/CPU-GOU-RAM-HDD-Info-Monitor_1600726767444.html
TOPTON Mini PC i9 Gaming Computer i9 10885H i7-10750H GTX 1650 4G 2*DDR4 Window11 pro NVME SSD PC Gamer,$628.00-$790.00,1 piece,4YRS,https://message.alibaba.com/msgsend/contact.htm?action=contact_action&appForm=s_en&chkProductIds=1600183564596&chkProductIds_f=IDX1ZwKRSTHnkDjT1bRddUPtG8_NrZsa_Zzdmz1VoZzQW7I9cLuBGdt9Hi7ooDjNoDgw&tracelog=contactOrg&mloca=main_en_search_list,https://www.alibaba.com/product-detail/TOPTON-Mini-PC-i9-Gaming-Computer_1600183564596.html
Cheap Tablet PC M768 With Silicone Case 2020 High Quality Hot Sale Products With many Kids software,$22.00-$25.00,5 pieces,5YRS,https://message.alibaba.com/msgsend/contact.htm?action=contact_action&appForm=s_en&chkProductIds=62284627772&chkProductIds_f=IDX1vzDlPHrRMh--bjBRKkwYmjt3VU-XIXBsTHFCPA9sGtLgLC8xX3pJ0jxiqraZSt-s&tracelog=contactOrg&mloca=main_en_search_list,https://www.alibaba.com/product-detail/Cheap-Tablet-PC-M768-With-Silicone_62284627772.html
USB MIDI Keyboard Controller Black 25-key Music editing keyboard for Laptops Mac & PC Editing Software included,$35.00,1 piece,3YRS,https://message.alibaba.com/msgsend/contact.htm?action=contact_action&appForm=s_en&chkProductIds=1600343705903&chkProductIds_f=IDX1a7jeVqoOTpXwRcaleftMsNM0qvK7RhoAm9VGTBeKhtDSAHEuZ5SbJMbWxBQeOTSK&tracelog=contactOrg&mloca=main_en_search_list,https://www.alibaba.com/product-detail/USB-MIDI-Keyboard-Controller-Black-25_1600343705903.html
Hot Sale Kids Tablet Pc Children 7 Inch Android Tablet Pc with Software,$26.99-$29.99,1 set,8YRS,https://message.alibaba.com/msgsend/contact.htm?action=contact_action&appForm=s_en&chkProductIds=62199679851&chkProductIds_f=IDX1K3WueA-3Thzp8gbk3HCU3jUnomnyrYsDF83RIwk8grRvJWbGqo_kRZ5gH0eD998T&tracelog=contactOrg&mloca=main_en_search_list,https://www.alibaba.com/product-detail/Hot-Sale-Kids-Tablet-Pc-Children_62199679851.html
Office keyboard with high quality USB wired gaming mouse computer hardware RGB colorful lights waterproof LED optical mouse,$0.97-$1.06,10 pieces,4YRS,https://message.alibaba.com/msgsend/contact.htm?action=contact_action&appForm=s_en&chkProductIds=1600640791087&chkProductIds_f=IDX1FKyMnqWAtdQX6ZDSgSZ8zOeX8m64Vio7Vgd93BS3s6WphWAyaf6QGZ3E4eBY3AOy&tracelog=contactOrg&mloca=main_en_search_list,https://www.alibaba.com/product-detail/Office-keyboard-with-high-quality-USB_1600640791087.html
"Computer Secondary Screen For PC Hardware Temp. Monitoring Control Or Live Dynamic Wallpaper Display, AIDA64/ IPS 2K 4K Touch",$82.62-$237.25,1 piece,3YRS,https://message.alibaba.com/msgsend/contact.htm?action=contact_action&appForm=s_en&chkProductIds=1600292505792&chkProductIds_f=IDX1k4GAxH01LQP2Rj3GAebgTZZNcFCyZ6gS6_cG62ehDLQVSwvuWJrMXlBdptJmU-T9&tracelog=contactOrg&mloca=main_en_search_list,https://www.alibaba.com/product-detail/Computer-Secondary-Screen-For-PC-Hardware_1600292505792.html
Super September Fast Delivery Customized OEM PC Case Gabinetet PC Gaming Hardware Gaming Case PC Towers,$2.25-$12.00,1.0 piece,2YRS,https://message.alibaba.com/msgsend/contact.htm?action=contact_action&appForm=s_en&chkProductIds=1600608836426&chkProductIds_f=IDX1OvHZxzUZkiwp_yEVC7YsItoewPMd_P5DwKub6Uqp3t9OnuHvaEohi8lMFrhlLBbO&tracelog=contactOrg&mloca=main_en_search_list,https://www.alibaba.com/product-detail/Super-September-Fast-Delivery-Customized-OEM_1600608836426.html
High Quality Gaming Pc Full Setup I9 Window 11 Pro Core All In One Computer,$105.45-$261.25,1 unit,7YRS,https://message.alibaba.com/msgsend/contact.htm?action=contact_action&appForm=s_en&chkProductIds=1600682522088&chkProductIds_f=IDX1uKA0OHoU8mWNHEnvi_Etgi3KwG1JqqDWQh28Vdetcfl79oQKIIlFbVKuU6Wc_lnI&tracelog=contactOrg&mloca=main_en_search_list,https://www.alibaba.com/product-detail/High-Quality-Gaming-Pc-Full-Setup_1600682522088.html
JIESHUO RTX 3060M 6G Geforce rtx3060 Gaming Graphic Card Video Laptop PC Nvidia Gpu 3060 m Computer rtx 3060m 6gb Graphics Cards,$170.00-$185.00,1 piece,3YRS,https://message.alibaba.com/msgsend/contact.htm?action=contact_action&appForm=s_en&chkProductIds=11000007667808&chkProductIds_f=IDX17LUgN-pua8ZjIhYtYKHtDckdLh64RAOpxF1hEuAI3a5KoLxmYlMuvfY1jOt2Hz__&tracelog=contactOrg&mloca=main_en_search_list,https://www.alibaba.com/product-detail/JIESHUO-RTX-3060M-6G-Geforce-rtx3060_11000007667808.html
GTX 1660 SUPER OC 6GB GDDR6 Desktop Computer Graphics Card 3 fan Version,$90.00-$119.00,1.0 piece,3YRS,https://message.alibaba.com/msgsend/contact.htm?action=contact_action&appForm=s_en&chkProductIds=1600698941215&chkProductIds_f=IDX1mjvhfKvgW9JJjBGLa4YrCrtZEMgyQOFJLYwE2URcWBKGGjq8P4M1G50UCnzNbt_R&tracelog=contactOrg&mloca=main_en_search_list,https://www.alibaba.com/product-detail/GTX-1660-SUPER-OC-6GB-GDDR6_1600698941215.html
"Wholesale Cheap Price 15"" 18.5"" 19"" 20"" 22"" 24"" 27 inch 1920*1080 Lcd Desktop Pc Display Business Office Monitor",$36.00-$47.00,100 pieces,16YRS,https://message.alibaba.com/msgsend/contact.htm?action=contact_action&appForm=s_en&chkProductIds=1600511942201&chkProductIds_f=IDX1le97KLoHDnXlUDCPuAaLejHCs5vxieXQXBrQg6CKfGQZQmjDVOWRl1v76zyRbC5I&tracelog=contactOrg&mloca=main_en_search_list,https://www.alibaba.com/product-detail/Wholesale-Cheap-Price-15-18-5_1600511942201.html
rx 580 8 gb gpu graphic card amd rx 580 4gb graphics card 580 8g gpu for desktop computer machine amd rx580 rx 580 8gb,$46.67-$49.87,1 piece,13YRS,https://message.alibaba.com/msgsend/contact.htm?action=contact_action&appForm=s_en&chkProductIds=1600768431260&chkProductIds_f=IDX1H1d4mvl2NktDIGpuCKj69PYFQvTizY3MtI_c5lcA_c6wEwDCpuxUzNZynki8aDL3&tracelog=contactOrg&mloca=main_en_search_list,https://www.alibaba.com/product-detail/rx-580-8-gb-gpu-graphic_1600768431260.html
DESKTOP crucial bulk computer parts 4gb 8GB crucial ram ddr 4 memoria ram memory pc Long DIMM 16gb 8gb ddr4 ram,$12.43,1 piece,2YRS,https://message.alibaba.com/msgsend/contact.htm?action=contact_action&appForm=s_en&chkProductIds=1600548659819&chkProductIds_f=IDX1JwdxdADTnvAJxFNOlB1EnIWVhrGLJmYSlxEcmkbc1frmCztCIuWZiyAO6Tp-ORLQ&tracelog=contactOrg&mloca=main_en_search_list,https://www.alibaba.com/product-detail/DESKTOP-crucial-bulk-computer-parts-4gb_1600548659819.html
Umila SC715 Keyboard Manufacturers Desktop USB PC Computer Led Light Backlit Membrane Gamer Gaming For,$3.00-$5.00,20 pieces,1YRS,https://message.alibaba.com/msgsend/contact.htm?action=contact_action&appForm=s_en&chkProductIds=1600562918670&chkProductIds_f=IDX1BbfCpUspmTvYg0CsrMKfml6fLNDC-TLDSa8ROMQsABSFqgxh_trm2fDX5knV_gR7&tracelog=contactOrg&mloca=main_en_search_list,https://www.alibaba.com/product-detail/Umila-SC715-Keyboard-Manufacturers-Desktop-USB_1600562918670.html
i7 Laptop 10th Generation 16GB Desktops Gaming PC Notebook Computer 15.6inch Laptops Core i7 10510u Laptop,$152.00-$157.00,100 pieces,3YRS,https://message.alibaba.com/msgsend/contact.htm?action=contact_action&appForm=s_en&chkProductIds=1600474811634&chkProductIds_f=IDX1tUDqs4Ik7qZzPvEifMYzECsZdrjUSSayY7BEAJBhbO-voiSh3_VyUpLQ5e9Bu0Hc&tracelog=contactOrg&mloca=main_en_search_list,https://www.alibaba.com/product-detail/i7-Laptop-10th-Generation-16GB-Desktops_1600474811634.html
Cheap Price 19/22/24/27 Inches Black Widescreen Desktop Computer LED Monitor for Business & Study Office Monitor,$30.00-$42.00,10 pieces,3YRS,https://message.alibaba.com/msgsend/contact.htm?action=contact_action&appForm=s_en&chkProductIds=1600531182083&chkProductIds_f=IDX1zZkv90Faq72DIozI1PXlVKf-vpWBLpyK_hRFexoKR0Ndi6tsT1LMuLSejSBb8xys&tracelog=contactOrg&mloca=main_en_search_list,https://www.alibaba.com/product-detail/Cheap-Price-19-22-24-27_1600531182083.html
Piesia In-tel Gemini Lake Processor i3 i5 i7 Thin Client Computer Dual LAN Ports J1900 4 Core Industrial Mini PC,$135.00-$150.00,5 pieces,11YRS,https://message.alibaba.com/msgsend/contact.htm?action=contact_action&appForm=s_en&chkProductIds=1600553660557&chkProductIds_f=IDX1ugcZXQkrbqdTea_GfaVoA8KPI0KXesgptaGFpTgojrpyUQkUI5ly9jpYvji1Tdzt&tracelog=contactOrg&mloca=main_en_search_list,https://www.alibaba.com/product-detail/Piesia-In-tel-Gemini-Lake-Processor_1600553660557.html
"Curved 27"" LCD 1920*1080p IPS 75Hz 165Hz Office Computer Monitor PC Computer Monitor",$66.00-$73.00,2 pieces,1YRS,https://message.alibaba.com/msgsend/contact.htm?action=contact_action&appForm=s_en&chkProductIds=1600568131374&chkProductIds_f=IDX1C9iIZ8UpNJrNFWUKXhcFHtjLHVFNAyo2FvvcCFlTbPTHygtWghKwcs5jEcpCSALt&tracelog=contactOrg&mloca=main_en_search_list,https://www.alibaba.com/product-detail/Curved-27-LCD-1920-1080p-IPS_1600568131374.html
amd ryzen 7 5700x computer,$55.00-$265.00,1.0 piece,2YRS,https://message.alibaba.com/msgsend/contact.htm?action=contact_action&appForm=s_en&chkProductIds=1600716101337&chkProductIds_f=IDX1M4fwacYFfYVajhwsIkon8QjMgeR6TOBo6RKtoczC1A62BQ9MftlB0xsXz5h21ZFL&tracelog=contactOrg&mloca=main_en_search_list,https://www.alibaba.com/product-detail/amd-ryzen-7-5700x-computer_1600716101337.html
Factory Price 24inch Frameless FHD PC Monitor Desktop Computer Monitor,$48.00-$58.00,1 piece,3YRS,https://message.alibaba.com/msgsend/contact.htm?action=contact_action&appForm=s_en&chkProductIds=1600114933293&chkProductIds_f=IDX1DfHwhWvm_t43NWNwXon0JgU6e8r98I2VwovaOsBQzR6mC2UVdTsqy7rilMgK33PH&tracelog=contactOrg&mloca=main_en_search_list,https://www.alibaba.com/product-detail/Factory-Price-24inch-Frameless-FHD-PC_1600114933293.html
Wholesale HPE Z8G4 Workstation Pc Computer Servers Z8 G4 Workstation,"$2,000.00-$5,000.00",1 piece,1YRS,https://message.alibaba.com/msgsend/contact.htm?action=contact_action&appForm=s_en&chkProductIds=1600713686170&chkProductIds_f=IDX1lKtfHAseOFFDvisnSzR9kvV7LFCDL2id-9cI5gNCLiF8_HNseUexVG0vlK8KttN1&tracelog=contactOrg&mloca=main_en_search_list,https://www.alibaba.com/product-detail/Wholesale-HPE-Z8G4-Workstation-Pc-Computer_1600713686170.html
Gaming Laptop With Mechanical Keyboard New Products 16 Inch Notebook Computer Thin Lap Top Computer,$237.78-$290.39,1 piece,3YRS,https://message.alibaba.com/msgsend/contact.htm?action=contact_action&appForm=s_en&chkProductIds=1600677656328&chkProductIds_f=IDX1L8bj7iZBeK5SmFxxnnlF_2yAhk0_4U8WwLAalJlD7rJY8AlnF0yjfhimfw9dOenY&tracelog=contactOrg&mloca=main_en_search_list,https://www.alibaba.com/product-detail/Gaming-Laptop-With-Mechanical-Keyboard-New_1600677656328.html
CYX Mini office computer GK3pro N5105 8GB M.2 SATA 128GB/256GB Support 4K 60Hz Dual HD-MI LAN Mini PC for Business,$68.00-$99.00,1 piece,2YRS,https://message.alibaba.com/msgsend/contact.htm?action=contact_action&appForm=s_en&chkProductIds=1600258103984&chkProductIds_f=IDX1n3pxFRwjr7AlHtB9HHY8GdQPVHaj2G6w9K7gbQ81ZaPj4eYP9s4JjSrV1tAdWEtN&tracelog=contactOrg&mloca=main_en_search_list,https://www.alibaba.com/product-detail/CYX-Mini-office-computer-GK3pro-N5105_1600258103984.html
Original Factory TF230 USB Backlit LED 104 keyboard RGB LED light mechanical keyboard&mouse set Gaming keyboard and Mouse Combos,$2.50-$3.70,2 pieces,1YRS,https://message.alibaba.com/msgsend/contact.htm?action=contact_action&appForm=s_en&chkProductIds=1600611846914&chkProductIds_f=IDX1v2w3dXstUjKmj4-SuGci_bHMzsZiUk6qi5OQUegzSHfGEBfKso0ZInjYabOVbaF3&tracelog=contactOrg&mloca=main_en_search_list,https://www.alibaba.com/product-detail/Original-Factory-TF230-USB-Backlit-LED_1600611846914.html
Ultra Thin Gaming Laptops computer netbook Tablet PC 10.1 inch 2gb+32gb Quad Core Android 9 10 2 in 1 android Tablets,$58.00-$67.34,1 unit,6YRS,https://message.alibaba.com/msgsend/contact.htm?action=contact_action&appForm=s_en&chkProductIds=1600624275315&chkProductIds_f=IDX1NBwd2jIyg15laadASXchDCx48IHHh7OZ3JERyqnWR04v4HA59oYjeyaQzoPE7TBG&tracelog=contactOrg&mloca=main_en_search_list,https://www.alibaba.com/product-detail/Ultra-Thin-Gaming-Laptops-computer-netbook_1600624275315.html
Cheapest Wholesale Laptops 15.6 Inch Core i5 i7 8GB Gaming Computer Hardware & Software PC,$268.85-$287.85,10 pieces,7YRS,https://message.alibaba.com/msgsend/contact.htm?action=contact_action&appForm=s_en&chkProductIds=1600693616797&chkProductIds_f=IDX1M5VQPhTh3FMGLOQnS4CUEeIMN1Noq2WtJxS4RK2Ktfh917MDOiVviMfatjYybvgb&tracelog=contactOrg&mloca=main_en_search_list,https://www.alibaba.com/product-detail/Cheapest-Wholesale-Laptops-15-6-Inch_1600693616797.html
Computer Hardware & Software barebone system 8GPU machine complete set with graphics card Other Computer Accessories,$378.00,1 piece,5YRS,https://message.alibaba.com/msgsend/contact.htm?action=contact_action&appForm=s_en&chkProductIds=1600452559522&chkProductIds_f=IDX1X1ypOAaEpr6ghaZ-e0DwYn63jYwKAyVTtRJUdUWR0vVmC0GaZ-jnmIDOPqp7TShL&tracelog=contactOrg&mloca=main_en_search_list,https://www.alibaba.com/product-detail/Computer-Hardware-Software-barebone-system-8GPU_1600452559522.html
cheap Assembled core I3 I5 I7 cpu hardware & software office or home rtx barebone laptops monoblock gaming desktop pc,$125.00-$244.06,1 piece,1YRS,https://message.alibaba.com/msgsend/contact.htm?action=contact_action&appForm=s_en&chkProductIds=1600592756015&chkProductIds_f=IDX1c99ECzVLlQQWbPnAFv4thd_ro2f0pjhaMo4rftftQ0YQCF9rYJ4GW8vQk1FSUKK1&tracelog=contactOrg&mloca=main_en_search_list,https://www.alibaba.com/product-detail/cheap-Assembled-core-I3-I5-I7_1600592756015.html
ordinateur 24 inch core i7 i5 computer hardware & software all in one pc touchscreen,$210.00-$279.00,1 piece,3YRS,https://message.alibaba.com/msgsend/contact.htm?action=contact_action&appForm=s_en&chkProductIds=1600239912269&chkProductIds_f=IDX1oUanpQKTM4TkxnbCb3CcK4me6fKz1X8oHns11AeEyqgf2gTFFetVtEgCLg6Vh7iF&tracelog=contactOrg&mloca=main_en_search_list,https://www.alibaba.com/product-detail/ordinateur-24-inch-core-i7-i5_1600239912269.html
PC/Win Online Send Download Drafting Tools software 2022 AutoCAD,$1.99-$11.00,1 piece,2YRS,https://message.alibaba.com/msgsend/contact.htm?action=contact_action&appForm=s_en&chkProductIds=1600444324486&chkProductIds_f=IDX1XtBhmWnBC-sYFRsZuG_IP0mTXqiDcEzl7BHWOB3oatkIaJC_IahgKS_69nTd3ZQy&tracelog=contactOrg&mloca=main_en_search_list,https://www.alibaba.com/product-detail/PC-Win-Online-Send-Download-Drafting_1600444324486.html
phone activation for Win 10 Professional Ready Stock software for win10 Email Delivery for win 10 pro phone activation,$2.00-$2.50,2 pieces,1YRS,https://message.alibaba.com/msgsend/contact.htm?action=contact_action&appForm=s_en&chkProductIds=1600614047873&chkProductIds_f=IDX1I8iKHj3xCgLnCm_UopKkSI1bjaG31DKMCr_B0MYwtsuQ_0sQZr3gf3ZJiAL_X8sQ&tracelog=contactOrg&mloca=main_en_search_list,https://www.alibaba.com/product-detail/phone-activation-for-Win-10-Professional_1600614047873.html
24/7 Online Genuine License Key Autodesk Fusion 360 Subscription 2023/2022/2021/2020 Mac/PC/Pad Drafting Drawing Tool,$50.60,1 parcel,3YRS,https://message.alibaba.com/msgsend/contact.htm?action=contact_action&appForm=s_en&chkProductIds=1600691337339&chkProductIds_f=IDX1Ut_45C0P1BJ7qPBceuidD4AoOMIilKF_oxxnCMvYLms7Mz_JUsJeuQpJAkShAWOb&tracelog=contactOrg&mloca=main_en_search_list,https://www.alibaba.com/product-detail/24-7-Online-Genuine-License-Key_1600691337339.html
bulk curved lcd ips HD 1080P 27 inch 32 inch desktop computer monitor,$68.00-$73.00,2.0 pieces,1YRS,https://message.alibaba.com/msgsend/contact.htm?action=contact_action&appForm=s_en&chkProductIds=1600554128423&chkProductIds_f=IDX1pHPzuRRIg4pn95xWlCRsMrJGAg3RKHgWT2LCrkhmmLTLuuV7ziIqTGhnKgMNFnub&tracelog=contactOrg&mloca=main_en_search_list,https://www.alibaba.com/product-detail/bulk-curved-lcd-ips-HD-1080P_1600554128423.html
CYX Mini office computer T8pro N5095 N5105 DDR4 8GB M.2 128GB/256GB support triple-display 4K resolution Mini PC for Business,$98.00-$120.00,1.0 piece,2YRS,https://message.alibaba.com/msgsend/contact.htm?action=contact_action&appForm=s_en&chkProductIds=11000005499894&chkProductIds_f=IDX1RRkExO1BoWxHHgxthqR8Ev9TmkDt336Vz8XohaIpARTI3Sex_6APkamYAHCsOOg2&tracelog=contactOrg&mloca=main_en_search_list,https://www.alibaba.com/product-detail/CYX-Mini-office-computer-T8pro-N5095_11000005499894.html
Factory Wholesale Laptops Brand New 15.6 Inch Gaming Computer Hardware & Software Core i5 10 Generation 8GB Laptop PC,$310.00-$316.00,10 pieces,12YRS,https://message.alibaba.com/msgsend/contact.htm?action=contact_action&appForm=s_en&chkProductIds=1600691117074&chkProductIds_f=IDX1gqpEk6x-KTcAN6qiFi2QhKDQj7kgsRd6IxaQb8HjzKZes3f5BMFmObM2zZmQ72_e&tracelog=contactOrg&mloca=main_en_search_list,https://www.alibaba.com/product-detail/Factory-Wholesale-Laptops-Brand-New-15_1600691117074.html
high quality core i7 hardware monoblock computer all in one pc,$86.00-$197.00,1 piece,1YRS,https://message.alibaba.com/msgsend/contact.htm?action=contact_action&appForm=s_en&chkProductIds=1600626830320&chkProductIds_f=IDX1wSk3W1iWQbsgULOkY_LXtgywwGQ4HrWcdBz0VARxpSadS4aIATcixbxNtf7HMYbM&tracelog=contactOrg&mloca=main_en_search_list,https://www.alibaba.com/product-detail/high-quality-core-i7-hardware-monoblock_1600626830320.html
Hight quality Computer Cases & Towers desktop gaming CPU computer hardware pc case,$9.30-$9.80,1 piece,5YRS,https://message.alibaba.com/msgsend/contact.htm?action=contact_action&appForm=s_en&chkProductIds=1600745279824&chkProductIds_f=IDX1Tmk6EtcDyI_qx_aRu3m6z6L-6ZLymf_kIJSTiYdFYhbKrZbBJ1WgBOzK8zwNmbpd&tracelog=contactOrg&mloca=main_en_search_list,https://www.alibaba.com/product-detail/Hight-quality-Computer-Cases-Towers-desktop_1600745279824.html
PC/Mac/Android/Linux 1 DEVICE/1 YEAR online code Privacy Protection Antivirus Software For AVG Internet Security 2022,$1.00-$9.99,1 piece,2YRS,https://message.alibaba.com/msgsend/contact.htm?action=contact_action&appForm=s_en&chkProductIds=1600611274327&chkProductIds_f=IDX1grWqqvWfJX0MkKl9rToDGt2Pg98vfbeC-praooJ1SZXpUDkrfiayxjRmoBE1f-EN&tracelog=contactOrg&mloca=main_en_search_list,https://www.alibaba.com/product-detail/PC-Mac-Android-Linux-1-DEVICE_1600611274327.html
software for win 8.1 pro key Ready Stock Email Delivery for win 8.1 Digital OEM for win 8.1 product key,$2.40-$3.00,1 piece,1YRS,https://message.alibaba.com/msgsend/contact.htm?action=contact_action&appForm=s_en&chkProductIds=1600606322763&chkProductIds_f=IDX1xekVygwuqvo9uf89yLRG6kT_RfYz2SqU10Kjs1L7ynGg8NXtFaRdkR1gzJc5OJaS&tracelog=contactOrg&mloca=main_en_search_list,https://www.alibaba.com/product-detail/software-for-win-8-1-pro_1600606322763.html
2023 Newest Factory Wholesale Core i5 8+256GB Laptop 156Inch Personal & Home Laptops Computer,$299.00-$310.00,10 pieces,7YRS,https://message.alibaba.com/msgsend/contact.htm?action=contact_action&appForm=s_en&chkProductIds=1600691125993&chkProductIds_f=IDX1RtD3smyUSUgBf0ZjJMVkZpQVKKnc_XrBnJuYcUFsU-nacHZP2R8hvphDeRbHhXOu&tracelog=contactOrg&mloca=main_en_search_list,https://www.alibaba.com/product-detail/2023-Newest-Factory-Wholesale-Core-i5_1600691125993.html
PC/Win Online Send Download Drafting Tools software 2022 AutoCAD,$5.00-$15.00,1 piece,1YRS,https://message.alibaba.com/msgsend/contact.htm?action=contact_action&appForm=s_en&chkProductIds=1600566875917&chkProductIds_f=IDX1i01DKuMOmREOoWcgop_x9S4g5lWdGDNdj7_D8QPdYdZ38qQ6JqSevpBuykGXHv6r&tracelog=contactOrg&mloca=main_en_search_list,https://www.alibaba.com/product-detail/PC-Win-Online-Send-Download-Drafting_1600566875917.html
PC/Win Online Send Download Link Lifetime use oem license Drafting Tools Software 2023 AutoCAD,$1.99-$9.99,1 piece,2YRS,https://message.alibaba.com/msgsend/contact.htm?action=contact_action&appForm=s_en&chkProductIds=1600462207817&chkProductIds_f=IDX17zp6ky8wyyV4e-qVwuBajUyEV9UZOL1TdlYL9ZbFYsBME8qOnFC-kl7ye4gTMAYE&tracelog=contactOrg&mloca=main_en_search_list,https://www.alibaba.com/product-detail/PC-Win-Online-Send-Download-Link_1600462207817.html
software for office 2010 pro 5PC Email Delivery for office 2010 profession 5PC 100% online activation for office 2010 profession,$6.50-$8.00,1 piece,1YRS,https://message.alibaba.com/msgsend/contact.htm?action=contact_action&appForm=s_en&chkProductIds=1600599586083&chkProductIds_f=IDX1t4dfUPIp3w9Nn8iQ4rnPg1chqWMWBDVFvCtIGHYhc4ehkc8vahG5DoRvpzd596xE&tracelog=contactOrg&mloca=main_en_search_list,https://www.alibaba.com/product-detail/software-for-office-2010-pro-5PC_1600599586083.html
24/7 Online Genuine Bind License Autodesk AutoCAD Subscription 2023/2022/2021/2020 Mac/PC/iPad Drafting Drawing Tool,$10.99-$29.99,1 piece,3YRS,https://message.alibaba.com/msgsend/contact.htm?action=contact_action&appForm=s_en&chkProductIds=1600511005847&chkProductIds_f=IDX1HuTml2f4ZhX_3KZg1LbkU0xlkRyV0X_DKB3C7BReII3ocjQMI9Ing7B-hjTPbKEy&tracelog=contactOrg&mloca=main_en_search_list,https://www.alibaba.com/product-detail/24-7-Online-Genuine-Bind-License_1600511005847.html
24 27 32 Inch FHD 1K 2k 144hz 165hz IPS Flat Screen Computer Led Monitos Pc 24 Inch Gaming Monitor,$72.00-$79.00,1 piece,2YRS,https://message.alibaba.com/msgsend/contact.htm?action=contact_action&appForm=s_en&chkProductIds=1600628969673&chkProductIds_f=IDX1XpdSLIhCSpR4XKQX8YhrcYPL6Wr_ulaNjvOOADUE9q9EKwGcXZWvd5rwyT_CUOFC&tracelog=contactOrg&mloca=main_en_search_list,https://www.alibaba.com/product-detail/24-27-32-Inch-FHD-1K_1600628969673.html
Office 365 lifetime key office 365 life time product key software ms office 365 lifetime account retail key office 365,$1.12-$1.68,1 combo,1YRS,https://message.alibaba.com/msgsend/contact.htm?action=contact_action&appForm=s_en&chkProductIds=1600636415062&chkProductIds_f=IDX1khPcmI3ERtP8Kdmzrl7wBKCx9xb25VF69cjqUBNMMs5kI6gYR_mMdTyD65CjGSk7&tracelog=contactOrg&mloca=main_en_search_list,https://www.alibaba.com/product-detail/Office-365-lifetime-key-office-365_1600636415062.html
OEM Computer Hardware Desktops Gaming PC Computer With Graphics Card bilgisayar donanim ve yazilimi t makinasi o,$150.00-$200.00,10 pieces,6YRS,https://message.alibaba.com/msgsend/contact.htm?action=contact_action&appForm=s_en&chkProductIds=1600220938089&chkProductIds_f=IDX1skUQIGUigxRFqIcawLzRLpXSUJ45FnXsFqNL9gGF3tmj0zMLz0q4mXh8u7cqG53-&tracelog=contactOrg&mloca=main_en_search_list,https://www.alibaba.com/product-detail/OEM-Computer-Hardware-Desktops-Gaming-PC_1600220938089.html
22 Inch 1K 1920*1080 1080P 60Hz 75Hz High Quality Computer 144hz Touch Screen Lcd Curved 24 27 Inch Led wholesale monitor,$39.38-$180.67,1.0 set,1YRS,https://message.alibaba.com/msgsend/contact.htm?action=contact_action&appForm=s_en&chkProductIds=1600606513830&chkProductIds_f=IDX1bk90fLsod-VKqsGYmOgw-4IOxABCf5lJhosDnuReAcWoPG8tgVnuPh13RJq6RH83&tracelog=contactOrg&mloca=main_en_search_list,https://www.alibaba.com/product-detail/22-Inch-1K-1920-1080-1080P_1600606513830.html
custom laptop Wired USB gaming mouse RGB gaming Ergonomic optical computer gamers mouse for,$0.44-$0.62,2 pieces,1YRS,https://message.alibaba.com/msgsend/contact.htm?action=contact_action&appForm=s_en&chkProductIds=1600679493157&chkProductIds_f=IDX1kDn69zRbPr3XI8rPEgy5aFTHcJHF61URn3cuhSFvR3vc6YwNkS9QMshwmY6OV24c&tracelog=contactOrg&mloca=main_en_search_list,https://www.alibaba.com/product-detail/custom-laptop-Wired-USB-gaming-mouse_1600679493157.html
i7 i9 price core touch screen desktop monoblock pc all-in-one all in one computers,$98.00-$198.00,10 pieces,10YRS,https://message.alibaba.com/msgsend/contact.htm?action=contact_action&appForm=s_en&chkProductIds=1600136217031&chkProductIds_f=IDX1tTUMtB4WTuSqNbV5zL9QQBUjfoTr_6_nD31XMTOBdSB0wAKAbcDN499rUtyW7019&tracelog=contactOrg&mloca=main_en_search_list,https://www.alibaba.com/product-detail/i7-i9-price-core-touch-screen_1600136217031.html
office professional plus 2016 digital key office 2016 pro plus key Operating system software license code by Email,$2.78-$3.01,1 piece,1YRS,https://message.alibaba.com/msgsend/contact.htm?action=contact_action&appForm=s_en&chkProductIds=1600611828390&chkProductIds_f=IDX1THbWYav-kl8SpyXH6c5LBzUy1nEBf3TmMVMc0CukkA7YI6CH32kIBPsobO30QFVh&tracelog=contactOrg&mloca=main_en_search_list,https://www.alibaba.com/product-detail/office-professional-plus-2016-digital-key_1600611828390.html
2023 New Cheapest Laptop Core i5 i7 i9 8GB 15.6 Inch Computer Hardware & Software Manufacturer,$145.60-$154.90,10 pieces,12YRS,https://message.alibaba.com/msgsend/contact.htm?action=contact_action&appForm=s_en&chkProductIds=1600722062714&chkProductIds_f=IDX1T0YP5sGuBDmf7SeqAoKRfu8kDnUvqBROtr8RtU6uypzKoyXVdT2Qf5Z5Ig-kF3e2&tracelog=contactOrg&mloca=main_en_search_list,https://www.alibaba.com/product-detail/2023-New-Cheapest-Laptop-Core-i5_1600722062714.html
PC/Mac/Android/Linux 1 DEVICE/1 YEAR online code Privacy Protection Antivirus Software For E set Nod32 Antivirus,$1.00-$7.99,1 piece,4YRS,https://message.alibaba.com/msgsend/contact.htm?action=contact_action&appForm=s_en&chkProductIds=1600595505622&chkProductIds_f=IDX1n96pYetTSHXc-VcdsP_ZEpw9Kv3rFOsO0esOhh9fWmGB1bL9UAZBxPFT6t_OJmpS&tracelog=contactOrg&mloca=main_en_search_list,https://www.alibaba.com/product-detail/PC-Mac-Android-Linux-1-DEVICE_1600595505622.html
Online activation office home & business 2021 office home and business 2021 mac bind key ms office 2021 home and business,$4.63-$5.62,1 combo,1YRS,https://message.alibaba.com/msgsend/contact.htm?action=contact_action&appForm=s_en&chkProductIds=1600629936141&chkProductIds_f=IDX1AR_yzIhHJttJ6T0v3nRCJpFPtqTADQwcEAMHvoN7WhCq_ET5wzR0k1JJX-BmfhdV&tracelog=contactOrg&mloca=main_en_search_list,https://www.alibaba.com/product-detail/Online-activation-office-home-business-2021_1600629936141.html
Best Manufacturer Cordless Slim Portable Optical RGB Gaming BT 2.4G Dual Mode USB PC Laptop Computer Rechargeable Wireless Mouse,$0.85-$1.65,1 piece,2YRS,https://message.alibaba.com/msgsend/contact.htm?action=contact_action&appForm=s_en&chkProductIds=1600518244954&chkProductIds_f=IDX14DLyZpepd7nucKmwusKl917oOFG1kXld5W56uc-rty9-zV-3TuxDShB3rCsFXI0i&tracelog=contactOrg&mloca=main_en_search_list,https://www.alibaba.com/product-detail/Best-Manufacturer-Cordless-Slim-Portable-Optical_1600518244954.html
Wholesale business 7-Color RGB Breathing LED Light Wired Mouse Optical Magic Computer Usb Gaming Mouse,$1.80-$2.30,10 sets,9YRS,https://message.alibaba.com/msgsend/contact.htm?action=contact_action&appForm=s_en&chkProductIds=62014243202&chkProductIds_f=IDX1zEPCWsY6Gcx1GivF1hv2e95BwWkgBHeS2PiIslb6CQ3el-Tdz00380BSQItFY_74&tracelog=contactOrg&mloca=main_en_search_list,https://www.alibaba.com/product-detail/Wholesale-business-7-Color-RGB-Breathing_62014243202.html
Office school computer all in one 27 Inch desktop all in one PC in core i3 i5 i7 i9 cpu all in one pc aio,$99.99-$149.00,2 pieces,4YRS,https://message.alibaba.com/msgsend/contact.htm?action=contact_action&appForm=s_en&chkProductIds=1600548701814&chkProductIds_f=IDX1IIGM4R4zEwDwVfkLaDWIN-f1pjgG4usWOGgb9YeTr9SQ16Q8QXjP2DIFPGCW9DrP&tracelog=contactOrg&mloca=main_en_search_list,https://www.alibaba.com/product-detail/Office-school-computer-all-in-one_1600548701814.html
Curved Screen Monitors 24 32 34 inch IPS Lcd Monitor 144hz 165 HZ Gaming Computer Display,$46.30-$47.30,300 pieces,5YRS,https://message.alibaba.com/msgsend/contact.htm?action=contact_action&appForm=s_en&chkProductIds=1600469584222&chkProductIds_f=IDX1wY2RCbVD6bJ_n--BwRYEnnizT0Ko_MBkpDy8nC043OyuBNsxZZbsTO_M7BeSKAcG&tracelog=contactOrg&mloca=main_en_search_list,https://www.alibaba.com/product-detail/Curved-Screen-Monitors-24-32-34_1600469584222.html
CNHOPESTAR Wholesale OEM Full 1080P Desktop PC computer 21.5 lcd monitor,$55.00-$69.00,2 pieces,14YRS,https://message.alibaba.com/msgsend/contact.htm?action=contact_action&appForm=s_en&chkProductIds=1600155507293&chkProductIds_f=IDX1JTm0PDyHkDTxZ3TWlDGofjV_xzXYfALN-iJ7uhlXAGlYgid-m-pjmD6vb-t6Jfj2&tracelog=contactOrg&mloca=main_en_search_list,https://www.alibaba.com/product-detail/CNHOPESTAR-Wholesale-OEM-Full-1080P-Desktop_1600155507293.html
Wholesale Cheap Celeron N5095 lowest price Industrial Barebone Rugged Quality unbranded lote Notebook Laptop in bulk,$180.00-$200.00,2 pieces,3YRS,https://message.alibaba.com/msgsend/contact.htm?action=contact_action&appForm=s_en&chkProductIds=1600307395687&chkProductIds_f=IDX1qIsnP14feDlBlbBSltt6erXU6Q0yXj1XERkLlbu2aPH6g_G6kCsj6wPh-LH9deNA&tracelog=contactOrg&mloca=main_en_search_list,https://www.alibaba.com/product-detail/Wholesale-Cheap-Celeron-N5095-lowest-price_1600307395687.html
Wholesale Price Online New Computer GT75 i9 32GB Laptops For Sale,$600.00,1 unit,2YRS,https://message.alibaba.com/msgsend/contact.htm?action=contact_action&appForm=s_en&chkProductIds=1600499980361&chkProductIds_f=IDX12wKoX9heSMstYkvxbkYjV7MiFyAHNf2YAWUFIDxci5gzgc2ScNXINsfeGHW3lQPB&tracelog=contactOrg&mloca=main_en_search_list,https://www.alibaba.com/product-detail/Wholesale-Price-Online-New-Computer-GT75_1600499980361.html
17.3 Inch Touchable Win 10 Pro RJ45 USB 3.0 AIO All-in-one Gaming PC All in One Computer,$150.00-$170.00,2 pieces,6YRS,https://message.alibaba.com/msgsend/contact.htm?action=contact_action&appForm=s_en&chkProductIds=60821781642&chkProductIds_f=IDX16m2zS7Gn17Hleu1T_B5ILl2o99b-qFqOtX26ywl8PdFJCoajs7YFQIPzGtj26Ytw&tracelog=contactOrg&mloca=main_en_search_list,https://www.alibaba.com/product-detail/17-3-Inch-Touchable-Win-10_60821781642.html
BAJEAL USB Backlit LED 104 Keys Keyboard and Mouse Combos Home Notebook Desktop Computer Latest Gaming Keyboard Mouse set,$3.38-$3.58,10 pieces,4YRS,https://message.alibaba.com/msgsend/contact.htm?action=contact_action&appForm=s_en&chkProductIds=1600142703126&chkProductIds_f=IDX1ctNdzWYdA4Jks6_730ETLc0QUL0MmIjVR3Kmk9Y5OnFJ12rBEeORlfKh8C3Q6RWq&tracelog=contactOrg&mloca=main_en_search_list,https://www.alibaba.com/product-detail/BAJEAL-USB-Backlit-LED-104-Keys_1600142703126.html
Computer monoblock i9 pc desktop all in one 23.8 inch curved screen i3 i7 i5 diy gaming computer,$140.00-$199.00,10 pieces,3YRS,https://message.alibaba.com/msgsend/contact.htm?action=contact_action&appForm=s_en&chkProductIds=1600531542707&chkProductIds_f=IDX1aj9g3yv5WB36__TCD8ML1wD4Cn9KpV_6Ygc3uQVP1IYwmEKh1rYfXEu1qe4il6qp&tracelog=contactOrg&mloca=main_en_search_list,https://www.alibaba.com/product-detail/Computer-monoblock-i9-pc-desktop-all_1600531542707.html
Gaming PC i7-10700 16GB 32G DDR4 512G SSD HDD Assembled all in one computers bilgisayar pc gamer,$89.00-$126.00,10 pieces,2YRS,https://message.alibaba.com/msgsend/contact.htm?action=contact_action&appForm=s_en&chkProductIds=1600428777597&chkProductIds_f=IDX1TjENhW3XzcnRlk8ZPTbFD6AV3eO_Rko0dhEyMICjdoLgwOr3Es94AOb5gFogX54v&tracelog=contactOrg&mloca=main_en_search_list,https://www.alibaba.com/product-detail/Gaming-PC-i7-10700-16GB-32G_1600428777597.html
Low cost 32inch 1920x1080 Pc Lcd Curved Gaming Monitor For Desktop Computer 144hz 1ms Gaming Displays,$98.00-$113.00,5 pieces,2YRS,https://message.alibaba.com/msgsend/contact.htm?action=contact_action&appForm=s_en&chkProductIds=1600488139182&chkProductIds_f=IDX1tR9veCxNsRc8_KSTabnaCieiiA-q61ufVjgsu2fnyBbNdza8uO0WFm33oybdZLNe&tracelog=contactOrg&mloca=main_en_search_list,https://www.alibaba.com/product-detail/Low-cost-32inch-1920x1080-Pc-Lcd_1600488139182.html
Latest mechanical cheap and flexible notebook computer oem teclado gamer delux multimedia RGB computer PC gaming keyboard,$2.40-$4.00,1 piece,3YRS,https://message.alibaba.com/msgsend/contact.htm?action=contact_action&appForm=s_en&chkProductIds=1600158432890&chkProductIds_f=IDX1rjL5qZsgmEb-rh-edecqOSXJVDakrArr8APxzMIAoQy21qtdd3f4qc6Lvqt_Pf7h&tracelog=contactOrg&mloca=main_en_search_list,https://www.alibaba.com/product-detail/Latest-mechanical-cheap-and-flexible-notebook_1600158432890.html
JIESHUO Graphics Cards AMD RX 580 8G For GDDR5 GPU Video Card RX 580 8GB 256Bit 2048SP Computer VGA RX580 graphic card,$60.50-$63.80,1 piece,3YRS,https://message.alibaba.com/msgsend/contact.htm?action=contact_action&appForm=s_en&chkProductIds=1600490891866&chkProductIds_f=IDX1RQJr8XMlo4_-5wtj6gbdQxdnnT1hljBPr4kmRQX6rYelYtSsGmhMIzc3zGEand4C&tracelog=contactOrg&mloca=main_en_search_list,https://www.alibaba.com/product-detail/JIESHUO-Graphics-Cards-AMD-RX-580_1600490891866.html
Low Price Tenda Router wifi 300mbps 2.4GHz 5dBi Wifi Router English Software Used Router Tenda F3,$3.00-$3.60,40 pieces,5YRS,https://message.alibaba.com/msgsend/contact.htm?action=contact_action&appForm=s_en&chkProductIds=1600161060951&chkProductIds_f=IDX1v6KMYC0uuKs_W_zA4HU_2BxC-Lme7dmzFtg-4nBJwVTKDJ0Mhl7oSjMKuzGUSnWO&tracelog=contactOrg&mloca=main_en_search_list,https://www.alibaba.com/product-detail/Low-Price-Tenda-Router-wifi-300mbps_1600161060951.html
12 inch Detachable touch screen Laptop with Win11 System and 3000*2000 pixels Notebook computer for Office work netbook Laptops,$259.00-$265.00,1 piece,3YRS,https://message.alibaba.com/msgsend/contact.htm?action=contact_action&appForm=s_en&chkProductIds=1600442399229&chkProductIds_f=IDX1ZZBKQPiqnpLJjAn8oEPGz0eqEDBWWs2HJqTQQB6_tiRfesbfPjxnF5PjrZoSrxuY&tracelog=contactOrg&mloca=main_en_search_list,https://www.alibaba.com/product-detail/12-inch-Detachable-touch-screen-Laptop_1600442399229.html
goldenfir Zenfast Hot Sale Internal Computer Hardware Solid State Drive 2 5 Inch Interface Sata 3 0 Hard Disk 120GB 512GB 480GB,$8.50-$86.90,10.0 pieces,4YRS,https://message.alibaba.com/msgsend/contact.htm?action=contact_action&appForm=s_en&chkProductIds=1600485677218&chkProductIds_f=IDX110GrHn7Z3h2w_-y7Ut2BqVgpTU2qm-Bwp3qZQKttcDuphJTnGYbs8W1F3VYZHjPk&tracelog=contactOrg&mloca=main_en_search_list,https://www.alibaba.com/product-detail/goldenfir-Zenfast-Hot-Sale-Internal-Computer_1600485677218.html
Oem durable 24 inch desktop gaming computer i7 pc,$750.00,10 sets,14YRS,https://message.alibaba.com/msgsend/contact.htm?action=contact_action&appForm=s_en&chkProductIds=60741830734&chkProductIds_f=IDX1SIUSSwFo6yijF5zfTZvMV0fDIc0cy0XJNG2q_U1XsdURnMVcz9_EeS6Hg_9ljLtf&tracelog=contactOrg&mloca=main_en_search_list,https://www.alibaba.com/product-detail/Oem-durable-24-inch-desktop-gaming_60741830734.html
Wholesale Mechanical Keyboard spanish Teclado Gamer Ergonomic custom pc computer laptop rgb backlit gaming mechanical Keyboard,$7.30-$11.00,20.0 pieces,2YRS,https://message.alibaba.com/msgsend/contact.htm?action=contact_action&appForm=s_en&chkProductIds=1600463043161&chkProductIds_f=IDX1frhz1qG-EMDAHmWXPmIxbM9nnDj7ablxpog0KPJuoJhRZ71RE8H0IYJx2r_znfIY&tracelog=contactOrg&mloca=main_en_search_list,https://www.alibaba.com/product-detail/Wholesale-Mechanical-Keyboard-spanish-Teclado-Gamer_1600463043161.html
pc curved i9 i7 16 gb 27 21 inch gaming touch screen desktop monoblock all in one computers,$130.00-$189.00,10.0 pieces,2YRS,https://message.alibaba.com/msgsend/contact.htm?action=contact_action&appForm=s_en&chkProductIds=1600706874134&chkProductIds_f=IDX1X4VebqVgW9CVrjMxQAFUlKA9RjZ2NBfQtJ8ckuJKTLK44GUQAun8G9Ey0MlLsIgb&tracelog=contactOrg&mloca=main_en_search_list,https://www.alibaba.com/product-detail/pc-curved-i9-i7-16-gb_1600706874134.html
Hot Selling Computer LED Monitor Desktop PC 24 inch 27 Inch 34 Inch Wide Screen Gaming Monitors 144hz 165hz for Gamer,$78.00-$98.00,2 pieces,3YRS,https://message.alibaba.com/msgsend/contact.htm?action=contact_action&appForm=s_en&chkProductIds=1600653973826&chkProductIds_f=IDX1BI_4OeZjOWlx_7NfrxLLzaFPg7F3MMj-Gqe7GNSLULLLZg0w714ZG1rvMVx8TR_m&tracelog=contactOrg&mloca=main_en_search_list,https://www.alibaba.com/product-detail/Hot-Selling-Computer-LED-Monitor-Desktop_1600653973826.html
Hot sell gaming keyboard mouse combos desktop laptop computer wired led keyboard and mouse set,$3.08-$3.20,2 pieces,1YRS,https://message.alibaba.com/msgsend/contact.htm?action=contact_action&appForm=s_en&chkProductIds=1600696754372&chkProductIds_f=IDX1BB5pU6oYg5qyeVpLxTmC2pI2lqcje2eBWaQp7ewJ6S9sAk-3Bv0wt4LpMufAxSE6&tracelog=contactOrg&mloca=main_en_search_list,https://www.alibaba.com/product-detail/Hot-sell-gaming-keyboard-mouse-combos_1600696754372.html
Factory in stock Custom Silent Led PC Case fan RGB Ventilador 120mm rgb fan Computer Fan 120mm cpu cooler for pc case cooling,$0.25-$2.06,2.0 pieces,2YRS,https://message.alibaba.com/msgsend/contact.htm?action=contact_action&appForm=s_en&chkProductIds=1600358945780&chkProductIds_f=IDX1W1ii7DwOGoX4iMpbg6aZfDtoLxe2yMIs8qAVHz0U-Gducg9IHlmPs0GAVmaIkFMT&tracelog=contactOrg&mloca=main_en_search_list,https://www.alibaba.com/product-detail/Factory-in-stock-Custom-Silent-Led_1600358945780.html
1000W 80plus PC ATX Computer server gaming power supply PSU Full Modular power supply,$25.20-$40.50,1 piece,3YRS,https://message.alibaba.com/msgsend/contact.htm?action=contact_action&appForm=s_en&chkProductIds=1600684823852&chkProductIds_f=IDX1RQ099l68EFnZpLNKGTjIOrTEWtxtAs2dWJsDRJElhaPws1b1oHM1jDd5qkS6BB3Z&tracelog=contactOrg&mloca=main_en_search_list,https://www.alibaba.com/product-detail/1000W-80plus-PC-ATX-Computer-server_1600684823852.html
Gitra 3 In 1 OTG USB 3.0 Smart Phone USB Flash Drive 16GB 32GB For Android Computer 64gb 128gb 256gb 512gb,$3.50-$12.68,1 piece,7YRS,https://message.alibaba.com/msgsend/contact.htm?action=contact_action&appForm=s_en&chkProductIds=62137807527&chkProductIds_f=IDX1EM6XKEMf11RDN8a4DSv-eF0GX-bLHBMHJUTCS3i_v9Jmw0ZgIcGP_I0NyZUju7NT&tracelog=contactOrg&mloca=main_en_search_list,https://www.alibaba.com/product-detail/Gitra-3-In-1-OTG-USB_62137807527.html
Gtx 1660 super 6GB used graphics card for computer gaming original MSI 1660s video card in stock,$95.00-$105.00,1 piece,3YRS,https://message.alibaba.com/msgsend/contact.htm?action=contact_action&appForm=s_en&chkProductIds=1600684822502&chkProductIds_f=IDX1iT7GyurpFSVRtTNA1WmdJKkkBhMOvw1xtVk1zvjSOb24xzuijoWE_VpLsZknPxrX&tracelog=contactOrg&mloca=main_en_search_list,https://www.alibaba.com/product-detail/Gtx-1660-super-6GB-used-graphics_1600684822502.html
Wholesale 19 to32Inch Desktop Computer Screen Monitor 1080P LED Office Monitor HD LCD Display skd ckd oem,$35.00,10 pieces,3YRS,https://message.alibaba.com/msgsend/contact.htm?action=contact_action&appForm=s_en&chkProductIds=1600655396863&chkProductIds_f=IDX1bws4BT9pGS7O3dTqZQfgSzufEa87qeTkcm3Jz3mX33_W5Nmk1Jfaz5Qu3zw6LOc8&tracelog=contactOrg&mloca=main_en_search_list,https://www.alibaba.com/product-detail/Wholesale-19-to32Inch-Desktop-Computer-Screen_1600655396863.html
Affordable Wholesale Wired Keyboard Mouse Set USB Laptop Desktop Computer Office Business Ergonomic Mouse Keyboard Kit,$1.88-$2.38,50 pieces,1YRS,https://message.alibaba.com/msgsend/contact.htm?action=contact_action&appForm=s_en&chkProductIds=1600604466449&chkProductIds_f=IDX16X9HH6X51g-5FWiRCGjrFpfWaw4ddBRYEeo60nFOKhEKvTHKSVH_sfh9KK4IBE_R&tracelog=contactOrg&mloca=main_en_search_list,https://www.alibaba.com/product-detail/Affordable-Wholesale-Wired-Keyboard-Mouse-Set_1600604466449.html
Factory Wholesale FHD resolution 21.5 inch curved LCD PC gaming monitor 75hz led desktop Computer monitor,$58.28-$62.98,2 pieces,10YRS,https://message.alibaba.com/msgsend/contact.htm?action=contact_action&appForm=s_en&chkProductIds=1600571123424&chkProductIds_f=IDX1-Qx4hrsNJgWCepQ07DoRp2NR4OxFUxo9OOznuAXeHm9x03tufV52yabZB__hktWe&tracelog=contactOrg&mloca=main_en_search_list,https://www.alibaba.com/product-detail/Factory-Wholesale-FHD-resolution-21-5_1600571123424.html
Memory Module 3000Mhz And 2600 Mhz ram ddr4 8gb 16gb 32gb 3200mhz For PC Computer,$6.70-$6.90,2 pieces,2YRS,https://message.alibaba.com/msgsend/contact.htm?action=contact_action&appForm=s_en&chkProductIds=1600659807532&chkProductIds_f=IDX1_zSGd26o4RJDHlJMKHbOOq4oNZlOgZAJLhiHKosCWzx0h44Fz8BNupmUPgrrqfot&tracelog=contactOrg&mloca=main_en_search_list,https://www.alibaba.com/product-detail/Memory-Module-3000Mhz-And-2600-Mhz_1600659807532.html
34 Inch Curved Monitor 144HZ Computer Screen PC Monitor 4K Gaming Monitors,$111.00-$230.00,2 pieces,2YRS,https://message.alibaba.com/msgsend/contact.htm?action=contact_action&appForm=s_en&chkProductIds=1600692232740&chkProductIds_f=IDX1vULY6Hpr5GSxx-d6fMRq6Gr44VO2CFdg7PEUyV_yHeP6bh4xCIS6umNPN1IYerly&tracelog=contactOrg&mloca=main_en_search_list,https://www.alibaba.com/product-detail/34-Inch-Curved-Monitor-144HZ-Computer_1600692232740.html
TWOLF TF200 gaming wired keyboard and mouse combo computer mechanical feel backlight for PC desktop LED rainbow light,$3.80-$4.50,1 piece,3YRS,https://message.alibaba.com/msgsend/contact.htm?action=contact_action&appForm=s_en&chkProductIds=1600211887116&chkProductIds_f=IDX1b26qmgrbtbaGeaCsxuVPy7JBFSENeyct6fF_pHCLlsEs5ITI5XBDxseHRcztr-PW&tracelog=contactOrg&mloca=main_en_search_list,https://www.alibaba.com/product-detail/TWOLF-TF200-gaming-wired-keyboard-and_1600211887116.html
XrayDisk Wholesale Ssd 60gb 120gb 128gb 240gb 256gb 480gb 512gb 1tb 2.5 Inch Sata3 Internal Hard Disk For Desktop Laptop,$7.90-$8.50,1 piece,1YRS,https://message.alibaba.com/msgsend/contact.htm?action=contact_action&appForm=s_en&chkProductIds=1600582712010&chkProductIds_f=IDX1KOP7DY1iBaF0qQMtEpbL1IAOyKn6Wts7mYq_Kvy__MNeKdAMPVGbe9KpkbIocQTm&tracelog=contactOrg&mloca=main_en_search_list,https://www.alibaba.com/product-detail/XrayDisk-Wholesale-Ssd-60gb-120gb-128gb_1600582712010.html
High Quality Gaming Pc I7 16gb 32g Ddr4 512g Ssd Hdd Assembled All In One Computers Bilgisayar Pc Gamer,$263.00,2 pieces,1YRS,https://message.alibaba.com/msgsend/contact.htm?action=contact_action&appForm=s_en&chkProductIds=1600541331375&chkProductIds_f=IDX1ILCmPDobmXa0bB7SQEncGCfPtmb4iJnem0ij74AiLDQ-pGWqnc-2NvGFFYklKNha&tracelog=contactOrg&mloca=main_en_search_list,https://www.alibaba.com/product-detail/High-Quality-Gaming-Pc-I7-16gb_1600541331375.html
2017 Gift Promotional Computer Flexible Usb Light for Mobile Phone,$0.01-$0.30,10 pieces,7YRS,https://message.alibaba.com/msgsend/contact.htm?action=contact_action&appForm=s_en&chkProductIds=60628896062&chkProductIds_f=IDX1xpqZXf8YdcbladPquWm10lpA51sQhA1Q-6oZSM676ZG1NexXJps1LOK0nvO4A8kq&tracelog=contactOrg&mloca=main_en_search_list,https://www.alibaba.com/product-detail/2017-Gift-Promotional-Computer-Flexible-Usb_60628896062.html
Stock Supply X70 Wired Mouse And Keyboard Set USB Laptop Desktop Computer Office Business Mouse and keyboard Kit,$1.07-$3.99,5 pieces,1YRS,https://message.alibaba.com/msgsend/contact.htm?action=contact_action&appForm=s_en&chkProductIds=1600613520462&chkProductIds_f=IDX1JsL7lFwmG5OBk6MKW2_liD9ELwutnRxPkO75NszyiRyxcxDSaBF2K0VO4zR7vpwP&tracelog=contactOrg&mloca=main_en_search_list,https://www.alibaba.com/product-detail/Stock-Supply-X70-Wired-Mouse-And_1600613520462.html
SSD M2 PCIE SSD NVME 2TB 1TB 256GB 512GB for Used Macbook Pro 2015 Refurbished Computers Used Laptop A1502 iMac Macbook Air,$22.99,50.0 pieces,16YRS,https://message.alibaba.com/msgsend/contact.htm?action=contact_action&appForm=s_en&chkProductIds=1600129041064&chkProductIds_f=IDX195cDwxRZ-uAFsoPKHH35shN6KUz8Znm9gYNt-dM7-n6bg7R44OSzK2bA-FdwSQcS&tracelog=contactOrg&mloca=main_en_search_list,https://www.alibaba.com/product-detail/SSD-M2-PCIE-SSD-NVME-2TB_1600129041064.html
Wholesale Cheap PC Computer Desktop 2666mhz 4GB 8GB 16GB 32GB DDR 4 2666 mhz 4 8 16 32 GB Memoria Ram Memory DDR4,$9.98-$34.25,2.0 pieces,2YRS,https://message.alibaba.com/msgsend/contact.htm?action=contact_action&appForm=s_en&chkProductIds=1600458330064&chkProductIds_f=IDX1-pFHqK1BnRgBSZGq4srYe7TnpxZbRaBdgf6Mzw-eNwDhorcQ5trkc-55aTqzXkFq&tracelog=contactOrg&mloca=main_en_search_list,https://www.alibaba.com/product-detail/Wholesale-Cheap-PC-Computer-Desktop-2666mhz_1600458330064.html
SAMA 3401 mesh Steel computer cases Tempered glass gaming pc computer usb 3.0 cable pc case,$4.80-$15.60,5.0 pieces,13YRS,https://message.alibaba.com/msgsend/contact.htm?action=contact_action&appForm=s_en&chkProductIds=1600324204468&chkProductIds_f=IDX1DaxrQtHCPuSYhwargqisoYGd8b8FI4Sm9d69PPThgpkSkM6l6uEd20U0Vzt5Fdpo&tracelog=contactOrg&mloca=main_en_search_list,https://www.alibaba.com/product-detail/SAMA-3401-mesh-Steel-computer-cases_1600324204468.html
All-In-One Pc 21.5 23.8 Inch All In One Monoblock Computers Oem Core I5 I7 Borderless Hd Screen Office Desktop All In One Pc Aio,$158.90-$192.01,2 pieces,13YRS,https://message.alibaba.com/msgsend/contact.htm?action=contact_action&appForm=s_en&chkProductIds=1600725460214&chkProductIds_f=IDX14KBy62Z2SxMnMhpniBHYhxEJejrExUhKtWveCs5SkrwbjYBxxQDh0L5pQYu6Qh-j&tracelog=contactOrg&mloca=main_en_search_list,https://www.alibaba.com/product-detail/All-In-One-Pc-21-5_1600725460214.html
China Manufacturer 23.8 24 Inch Core i5 i7 i9 CPU AIO Desktop PC gaming Gamer All In One Computers,$80.00-$199.00,1 piece,3YRS,https://message.alibaba.com/msgsend/contact.htm?action=contact_action&appForm=s_en&chkProductIds=1600134822043&chkProductIds_f=IDX1YqdpECRzhyrhdpBBLIeU_M6-T1NlinOp2ji5qt1GYQpyavScnMVIqhk500Q5IrnQ&tracelog=contactOrg&mloca=main_en_search_list,https://www.alibaba.com/product-detail/China-Manufacturer-23-8-24-Inch_1600134822043.html
Custom Smart Trackpad Magic Keyboard Wireless Arabic English Keyboard Case for iPad Air 4/5 & 11 / 12.9 inch 2018 - 2022,$49.89-$63.00,2 pieces,4YRS,https://message.alibaba.com/msgsend/contact.htm?action=contact_action&appForm=s_en&chkProductIds=1600618257819&chkProductIds_f=IDX1oj80letOrwQFQMdQUu_EkOhta4Xqey2CiMQ0o7KG1odnYBBcAQa-g1c8OGgMVChX&tracelog=contactOrg&mloca=main_en_search_list,https://www.alibaba.com/product-detail/Custom-Smart-Trackpad-Magic-Keyboard-Wireless_1600618257819.html
Factory Direct Desktop Computer Core i3 i5 i7 Ubuntu Linux Fanless Mini PC for Home Office Business,$68.35-$455.60,2 units,11YRS,https://message.alibaba.com/msgsend/contact.htm?action=contact_action&appForm=s_en&chkProductIds=62374618228&chkProductIds_f=IDX1-65Nv74t2YA4orQPlfAEX35EkzLIjM7LD07KFhQcVd7r73GH71jm3vvqaqcFZP3R&tracelog=contactOrg&mloca=main_en_search_list,https://www.alibaba.com/product-detail/Factory-Direct-Desktop-Computer-Core-i3_62374618228.html
Logitech M720 Triathlon Ergonomic Ultra Light Computer Mouse Gamer Wireless Gaming Mouse,$5.32-$130.05,20 pieces,2YRS,https://message.alibaba.com/msgsend/contact.htm?action=contact_action&appForm=s_en&chkProductIds=1600464746817&chkProductIds_f=IDX1FrWXQtA9KbYoqlobEF-HMYo2xCQ0PE2DoSlYEPexSaMUycyAvF6JraUPHM82OcU7&tracelog=contactOrg&mloca=main_en_search_list,https://www.alibaba.com/product-detail/Logitech-M720-Triathlon-Ergonomic-Ultra-Light_1600464746817.html
USB wired mouse lol office computer gaming notebook business mouse optical mouse Wired Mice Optical For Desktop Laptop,$0.19-$0.65,50 pieces,3YRS,https://message.alibaba.com/msgsend/contact.htm?action=contact_action&appForm=s_en&chkProductIds=1600336865321&chkProductIds_f=IDX1ntUlxomDjlXd4jtiASaQGEo7RTcJCcgk_7wamFMJy_MDuAzK4A2jNQDhrSAhhlae&tracelog=contactOrg&mloca=main_en_search_list,https://www.alibaba.com/product-detail/USB-wired-mouse-lol-office-computer_1600336865321.html
